gender,face_shape,file,face_width_ratio,jaw_width_ratio,face_height_ratio,midface_ratio
men,Oval,0_ (1).jpg,1.5803370889891115,1.5573782117211126,1.94264752396,0.7147575280697034
men,Oval,0_ (10).jpg,1.5863869130412125,1.5374749707054949,1.1360006708487582,0.644980619863884
men,Oval,0_ (100).jpg,1.5541507698368955,1.4683693667756312,2.148555233816478,0.8915663244811937
men,Oval,0_ (102).jpg,1.5901850598562937,1.5901850598562937,2.1334811466892996,0.6429802297583683
men,Oval,0_ (103).jpg,1.3811148272098395,1.2924030628468406,1.7499999999999998,0.8667729441944788
men,Oval,0_ (104).jpg,1.4433992188778182,1.442551324217489,2.15129233893707,0.7154082610758505
men,Oval,0_ (105).jpg,1.5887215155845034,1.6031547516495732,2.0689177438811868,0.6650254756388894
men,Oval,0_ (106).jpg,1.6167932781573588,1.5827590068309916,2.1478981200617007,0.6898835800250174
men,Oval,0_ (107).jpg,1.5909182294152733,1.5065104830304614,1.3515765488837719,0.9400110050713089
men,Oval,0_ (108).jpg,1.7091053843313884,1.6674763037078915,1.7724084377710447,0.6574953711868525
men,Oval,0_ (109).jpg,1.3480488258847274,1.2880349910690128,2.8572038175963685,0.6325431479559682
men,Oval,0_ (11).jpg,1.5723360919724367,1.452812987822147,1.664102876984619,0.8132409839428658
men,Oval,0_ (110).jpg,1.5172884570612102,1.4673660593230557,2.066593866940673,0.7756171832724637
men,Oval,0_ (111).jpg,1.5184933051575233,1.4630143399516322,2.1765405503052975,0.7854466903238928
men,Oval,0_ (112).jpg,1.6072420604303281,1.5182772527857125,2.017936155216664,0.7558822822975534
men,Oval,0_ (113).jpg,1.549705045627717,1.5211101261438253,1.8603366171310642,0.8065800166495483
men,Oval,0_ (115).jpg,1.5231018160619314,1.457623023746733,1.998189529074226,0.7348242609095835
men,Oval,0_ (116).jpg,1.5687323698268754,1.517113862737779,1.9824639838471503,0.7608695652173914
men,Oval,0_ (117).jpg,1.625181451574654,1.6039538998357354,2.401102422148749,0.6600240342496372
men,Oval,0_ (119).jpg,1.5747063813241142,1.5245236607723873,2.024367483976449,0.896551724137931
men,Oval,0_ (12).jpg,1.4070137213087128,1.3527402338542414,2.2390299233132853,0.6896130065266729
men,Oval,0_ (120).jpg,1.5106191367222115,1.4692202776065066,2.1691881697678563,0.7594039843291462
men,Oval,0_ (121).jpg,1.586345899708366,1.5688270857436306,2.0008913318425106,0.7230627232559521
men,Oval,0_ (123).jpg,1.6511859660073493,1.5950758770983329,2.1122354181147664,0.6967266687890032
men,Oval,0_ (124).jpg,1.5005040927672968,1.4139079516591273,2.0304509847279952,0.7133605320810541
men,Oval,0_ (126).jpg,1.5121951219512195,1.4392310723836028,1.975760307422306,0.75
men,Oval,0_ (127).jpg,1.5395864410599194,1.4635025666568802,2.6084773916349406,0.5898745685480741
men,Oval,0_ (128).jpg,1.5427062887697522,1.4075115719648275,1.931565571949152,0.9710184378306211
men,Oval,0_ (129).jpg,1.6636069560698614,1.5836846657078771,1.940082426554676,0.8545976121261312
men,Oval,0_ (13).jpg,1.6584457368093393,1.6323829042833509,1.8965497927368375,0.6864765108872991
men,Oval,0_ (130).jpg,1.6166670182791232,1.553697541260708,2.186020878696707,0.8057677805932939
men,Oval,0_ (131).jpg,1.5429891844096169,1.509114563651914,2.05398143790826,0.8079853938988206
men,Oval,0_ (133).jpg,1.5828062099453302,1.5375335374109864,2.0648910169970303,0.7363704090404127
men,Oval,0_ (134).jpg,1.3737652601361552,1.2376216372838553,1.5182297325515146,0.9314928656652447
men,Oval,0_ (135).jpg,1.6182005860547237,1.5583509081108413,1.7578611228937928,1.0713406090674165
men,Oval,0_ (136).jpg,1.5836656697489873,1.5460683989681345,2.030986163953887,0.826513762740827
men,Oval,0_ (137).jpg,1.602799275405807,1.6238586255274186,2.0761369963434992,0.7376983767283376
men,Oval,0_ (139).jpg,1.6456081035194146,1.5829898398195108,2.0829855096485046,0.8159313357364566
men,Oval,0_ (14).jpg,1.6452372000278515,1.545105135550304,1.569321578317503,0.9325930139829108
men,Oval,0_ (140).jpg,1.4130434782608696,1.3914741744178485,1.67405420071117,0.583108412047419
men,Oval,0_ (141).jpg,1.4168619965420801,1.400202310133422,1.9170524908587094,0.904818702200994
men,Oval,0_ (143).jpg,1.621695162884743,1.5798301206613719,2.0544168983089492,0.6985613702374245
men,Oval,0_ (145).jpg,1.5615020666706407,1.4912280701754386,2.123096978891687,0.7340826512575671
men,Oval,0_ (146).jpg,1.500684600764822,1.4351381926320126,2.420570801280763,0.8090573412544949
men,Oval,0_ (148).jpg,1.6020251300476498,1.573922275619208,2.0255652025544957,0.7147223415269087
men,Oval,0_ (15).jpg,1.5540612877113997,1.52925172623972,1.89811390565433,0.7193877186221468
men,Oval,0_ (150).jpg,1.5614884057888199,1.4674710819536718,1.5947538842338425,1.0265154952219588
men,Oval,0_ (151).jpg,1.57889271586194,1.57889271586194,1.8990700031782948,0.7661503125169781
men,Oval,0_ (153).jpg,1.5436608255400832,1.5637608770770046,2.0640366360297797,0.7426502620781237
men,Oval,0_ (154).jpg,1.5630929948619319,1.5427396724260969,2.2835048754873974,0.7389558439133294
men,Oval,0_ (155).jpg,1.5163963843863337,1.4838790445889414,2.2834386658987382,0.7201337118721843
men,Oval,0_ (157).jpg,1.5902882310169149,1.5251782605620676,2.1810206682406412,0.727379746377038
men,Oval,0_ (158).jpg,1.65943546028212,1.6029824934723997,2.1881025480592267,0.8401860486826882
men,Oval,0_ (16).jpg,1.5065389833394351,1.4061021472491653,1.9803149057935439,0.7443111555320363
men,Oval,0_ (161).jpg,1.605173731820351,1.5275995041452028,2.136429141308904,0.7246617486180937
men,Oval,0_ (162).jpg,1.4212026854642275,1.4077312659286823,3.064599205880424,0.8088623611177236
men,Oval,0_ (163).jpg,1.6608985733019521,1.5296480016165672,1.528027243421127,1.0845676795304475
men,Oval,0_ (165).jpg,1.618337540021433,1.5672885639291034,2.0564173844374087,0.7803243548304318
men,Oval,0_ (166).jpg,1.5593391105011318,1.5294544024686612,2.1677709217605927,0.7391831657832311
men,Oval,0_ (168).jpg,1.5902882310169149,1.5251782605620676,2.1810206682406412,0.727379746377038
men,Oval,0_ (17).jpg,1.5184529896790633,1.4543128641168486,1.8664859442660793,0.7797995505395445
men,Oval,0_ (170).jpg,1.6328231911902136,1.5104410415118594,1.6558628461305818,0.9019640748938119
men,Oval,0_ (171).jpg,1.5382791895291987,1.3911138764276745,1.6289502306775847,1.0396423056331956
men,Oval,0_ (173).jpg,1.641294506251087,1.5782023495895576,2.203346620058905,0.7278732217454474
men,Oval,0_ (174).jpg,1.675522694831273,1.675522694831273,1.675577178944606,0.660377358490566
men,Oval,0_ (175).jpg,1.624170876011129,1.5583479315807716,3.183267135377176,0.6276083483065169
men,Oval,0_ (176).jpg,1.6821439081485672,1.5410210928823371,2.1906252296894837,0.6859943405700353
men,Oval,0_ (177).jpg,1.5322862769625987,1.4559371849155283,2.033363691333788,0.6742640281784514
men,Oval,0_ (178).jpg,1.564645146456633,1.5485216743115815,2.24164392583815,0.6392583693327417
men,Oval,0_ (179).jpg,1.5419450511616228,1.5726189967555706,2.0838957633383397,0.5721252724074749
men,Oval,0_ (18).jpg,1.4908523446374249,1.3675173314888485,1.9688425142933468,0.8376307671036698
men,Oval,0_ (180).jpg,1.590050148060173,1.5510992228005218,1.5408169558574865,0.8636448071639037
men,Oval,0_ (181).jpg,1.5611534197509223,1.5047923444781344,2.6569907790581437,0.5715627155648225
men,Oval,0_ (183).jpg,1.5829742645172389,1.5331874369476681,2.100687308511572,0.6971496963458023
men,Oval,0_ (185).jpg,1.596392911550953,1.5389044983106497,2.153353961657778,0.6400976410172676
men,Oval,0_ (186).jpg,1.5575128632480808,1.475575826362183,2.0014100349224373,0.7903984995898667
men,Oval,0_ (187).jpg,1.5523468606328596,1.4806224478415408,2.594650093218633,0.7413913048468037
men,Oval,0_ (188).jpg,1.5693466888534953,1.5382795043203983,2.1843568961349655,0.6456314094279466
men,Oval,0_ (189).jpg,1.540376861597958,1.5209652293488687,2.087440270011186,0.6832745600403771
men,Oval,0_ (19).jpg,1.5194899004343938,1.4383495950297076,1.8731923439738174,0.7346570921568768
men,Oval,0_ (191).jpg,1.6249865631297238,1.498648543414936,2.117430126585671,0.7222936972266757
men,Oval,0_ (193).jpg,1.613353836859913,1.613353836859913,2.128169642934047,0.6328052448234813
men,Oval,0_ (195).jpg,1.617225802621162,1.5960388296959458,2.084768066234463,0.659126164532412
men,Oval,0_ (196).jpg,1.5325409939270087,1.468234237117476,2.3120377275094506,0.7590323151958017
men,Oval,0_ (197).jpg,1.5839044528158468,1.5514175942421622,2.0599116666183908,0.6237218961869964
men,Oval,0_ (198).jpg,1.6222669825446492,1.559594729066813,2.2327922189577754,0.5811735282709608
men,Oval,0_ (2).jpg,1.5692354826475217,1.5103807466993218,2.031482974805124,0.7192781875680029
men,Oval,0_ (200).jpg,1.5713331732119964,1.5427658619489024,2.0855504084100147,0.6028759901169224
men,Oval,0_ (201).jpg,1.5075838247885407,1.4853592611996131,2.4048639850346745,0.7405534876958483
men,Oval,0_ (202).jpg,1.5272743858941749,1.4876245561039154,3.035549272697312,0.6623463615833507
men,Oval,0_ (203).jpg,1.5685785007035509,1.532924331685365,2.1982313715831627,0.679680494556621
men,Oval,0_ (204).jpg,1.6092719153583013,1.5461202426972,2.077169744229263,0.6962135992611594
men,Oval,0_ (206).jpg,1.627237998491151,1.5768646138267186,2.221054802167925,0.5998982525641517
men,Oval,0_ (208).jpg,1.5731777239868279,1.5330345179771,2.1681713379015752,0.6569143847447513
men,Oval,0_ (209).jpg,1.508083182212014,1.4264146611694444,2.2831532631896017,0.7194518927862311
men,Oval,0_ (21).jpg,1.4521943570411522,1.3627048474367747,2.3623625009282905,0.6778319944571269
men,Oval,0_ (211).jpg,1.5308078052304133,1.3986188810096167,1.9761973604953365,1.0045407149343382
men,Oval,0_ (212).jpg,1.7785190393905825,1.6163947833034837,4.11666729310519,0.6621921190681074
men,Oval,0_ (213).jpg,1.5260517695826363,1.4743645132660286,2.0347356927768483,0.8411280076960463
men,Oval,0_ (214).jpg,1.5973796109947134,1.5136317521382407,2.024845673131659,0.8526806085419594
men,Oval,0_ (215).jpg,1.5247428518708361,1.3838927832996275,2.0654883292375588,1.1273737780726576
men,Oval,0_ (216).jpg,1.6032350714416517,1.5028125617837116,1.7535751785240778,0.7233037514292893
men,Oval,0_ (218).jpg,1.538618516324144,1.4859889855938107,2.1299980468884994,0.7696981155753677
men,Oval,0_ (219).jpg,1.6464783901129438,1.624198202800446,2.4517522527594204,0.6414707877788388
men,Oval,0_ (220).jpg,1.5588778599201933,1.5417681992854402,1.979517153320839,0.6659516328798775
men,Oval,0_ (221).jpg,1.4966152067228256,1.5336550266909508,2.242949097656827,0.7356534847790269
men,Oval,0_ (223).jpg,1.5175539207329902,1.4869708538204844,2.0106354649939626,0.7780373621200604
men,Oval,0_ (225).jpg,1.479153011662562,1.4734648521084175,2.023739445580117,0.6149144658672283
men,Oval,0_ (227).jpg,1.5791144677104632,1.5053690282744725,2.1377099452604407,0.6862595844553205
men,Oval,0_ (229).jpg,1.579994783396228,1.535287208455615,2.117252611449483,0.7336381642630575
men,Oval,0_ (23).jpg,1.4877687836264741,1.376138092757707,2.4774881886847826,0.9074358810595925
men,Oval,0_ (230).jpg,1.6296924839360034,1.5801747209518135,1.7778137589910905,0.7581700684751354
men,Oval,0_ (232).jpg,1.5856222195089453,1.5539668793115125,2.153811049052655,0.6660210738381033
men,Oval,0_ (233).jpg,1.6351087407658922,1.5293461448823757,1.4193623775476367,1.1270280864700346
men,Rectangle,1_ (1).jpg,1.6122700979074989,1.545945755375763,2.3382639261175022,0.6774096675674834
men,Rectangle,1_ (10).jpg,1.6421500643439915,1.5221246084011952,2.184068983678643,0.8204520561199679
men,Rectangle,1_ (100).jpg,1.524514774984257,1.458734377090628,1.5813888194528878,1.1860464063266942
men,Rectangle,1_ (101).jpg,1.6552622102078607,1.6210564515231944,1.8116579802315071,0.7205262812447455
men,Rectangle,1_ (103).jpg,1.6665790171419952,1.6281218038133967,2.0128184126249784,0.723240570679579
men,Rectangle,1_ (104).jpg,1.6246846616632558,1.5996954738306846,2.074954000378128,0.686309265683675
men,Rectangle,1_ (105).jpg,1.62125480825337,1.4860052755061526,1.9604204077652532,0.9006170724070864
men,Rectangle,1_ (107).jpg,1.656620126613956,1.6254080163184244,1.9687807295317603,0.7610519036176179
men,Rectangle,1_ (108).jpg,1.675099180082318,1.6019899130194077,1.998272511014305,0.7778648377849375
men,Rectangle,1_ (109).jpg,1.603720725430553,1.5010893039446613,1.8655791083461435,0.9234717104492156
men,Rectangle,1_ (11).jpg,1.452447216714596,1.3809452286290205,2.4541170382851134,0.9224235521016183
men,Rectangle,1_ (110).jpg,1.6365104538686057,1.5158192774953543,1.6807287752409068,0.770562646413182
men,Rectangle,1_ (112).jpg,1.5705711787956238,1.4992359023496855,1.7707245611847167,0.7112723947249635
men,Rectangle,1_ (113).jpg,1.5546618471243545,1.4667694676508904,1.95263367107726,0.6820312167184963
men,Rectangle,1_ (115).jpg,1.4998278533304712,1.4240789718491342,1.8485210484491539,0.7057466976400408
men,Rectangle,1_ (116).jpg,1.491114162760196,1.3850646158302282,1.456350783975151,0.9063909501177986
men,Rectangle,1_ (117).jpg,1.40187045251338,1.174117215235115,1.9017558106571941,1.2674923924744261
men,Rectangle,1_ (118).jpg,1.5456268393450066,1.4544187065487784,1.4365864291462376,0.8972146090522544
men,Rectangle,1_ (119).jpg,1.5324239317713444,1.4404488294018782,1.4893079469609012,1.1803558366322093
men,Rectangle,1_ (12).jpg,1.351007460525936,1.185393066507106,1.321671135719277,0.9247627675484239
men,Rectangle,1_ (120).jpg,1.4883282643868418,1.4816436418468086,2.3711850112035835,0.6479617999930057
men,Rectangle,1_ (122).jpg,1.5179284221717837,1.4737457654818162,1.8536511840870344,0.6533106122275887
men,Rectangle,1_ (123).jpg,1.5210350306906475,1.4541629803351925,1.8155299741273598,0.6841017824704159
men,Rectangle,1_ (125).jpg,1.5140195627004458,1.4345605442739355,1.7394032378850308,0.6312200445353645
men,Rectangle,1_ (127).jpg,1.5375831196104432,1.4875938554697758,1.8873939433822535,0.7300667648292944
men,Rectangle,1_ (128).jpg,1.561293297714419,1.601421687850978,1.9383270099171035,0.6126788517448398
men,Rectangle,1_ (13).jpg,1.5769558689077219,1.5555845425310888,1.9257124182857903,0.7346573786015789
men,Rectangle,1_ (130).jpg,1.5900855829036855,1.5132029278502108,1.931644259060763,0.6992150842938432
men,Rectangle,1_ (131).jpg,1.6032116329218993,1.6430704522880657,1.9621009799679154,0.637326891799106
men,Rectangle,1_ (132).jpg,1.5832011764174885,1.4998842869373659,1.9164005184092332,0.8807027840126914
men,Rectangle,1_ (133).jpg,1.548269725126253,1.484466601957652,2.179285384119214,0.6660210738381033
men,Rectangle,1_ (135).jpg,1.5929818708560095,1.5379624400983545,1.994243540611345,0.6871425968848157
men,Rectangle,1_ (136).jpg,1.539643101808464,1.4916497167306415,1.9040672087836248,0.6861426227055952
men,Rectangle,1_ (138).jpg,1.526181761531296,1.5260809535942308,1.9822287378682535,0.620322496770833
men,Rectangle,1_ (14).jpg,1.6385244863256425,1.5641125475810551,2.0224268148960527,0.7326336988919747
men,Rectangle,1_ (140).jpg,1.4640103708920325,1.4713345374153834,2.1775476905135815,0.6982438571056426
men,Rectangle,1_ (141).jpg,1.57262913401806,1.5356726859232075,2.0360007724210583,0.6281172263200556
men,Rectangle,1_ (142).jpg,1.5529857391110689,1.4891766378853548,2.191096752171288,0.7378861163349577
men,Rectangle,1_ (144).jpg,1.5586834443386968,1.5586834443386968,1.9522006020200506,0.6679474875720742
men,Rectangle,1_ (146).jpg,1.5730699888061945,1.5286206602788253,1.9510676935832023,0.7190840357940147
men,Rectangle,1_ (147).jpg,1.6260996279441182,1.5681836627130128,1.700176461429813,0.820557334974837
men,Rectangle,1_ (148).jpg,1.54995170388501,1.5311120517743495,2.056617484304769,0.6892283100236731
men,Rectangle,1_ (149).jpg,1.6482816391672177,1.6294554699520747,2.003852990706843,0.678606970063007
men,Rectangle,1_ (15).jpg,1.6348731540805732,1.5735743258493398,2.216652850339487,0.719591212844408
men,Rectangle,1_ (151).jpg,1.6287807182658318,1.57172564937404,2.016522845350451,0.6933752452815364
men,Rectangle,1_ (152).jpg,1.6868490367756208,1.49694179692225,1.952625605923776,0.5400895767393841
men,Rectangle,1_ (154).jpg,1.6459651845919734,1.62553410026093,2.1878967894101202,0.6308094838498656
men,Rectangle,1_ (155).jpg,1.7024021146031025,1.6238928581086627,1.059956563814847,0.8411136534740198
men,Rectangle,1_ (156).jpg,1.4468336817695058,1.3843356295115485,3.001407327562513,0.7269955521190709
men,Rectangle,1_ (158).jpg,1.6550960708544165,1.650316450148802,2.057096430180053,0.6964184147516723
men,Rectangle,1_ (159).jpg,1.5997356027413163,1.5819746376383113,2.072703660115689,0.7378825030011853
men,Rectangle,1_ (16).jpg,1.566894250778657,1.4484949208805045,1.3893011167933353,0.7201890023945968
men,Rectangle,1_ (160).jpg,1.631422220499176,1.5963419722314176,1.859363000930902,0.8493065970311302
men,Rectangle,1_ (162).jpg,1.6660746266260813,1.6660746266260813,2.065788124938401,0.7916666666666666
men,Rectangle,1_ (163).jpg,1.3920878193318216,1.3491706481792793,2.58527757324411,0.7962626234927872
men,Rectangle,1_ (165).jpg,1.5853247257687517,1.5710471772925712,1.9425370639187827,0.7025229259878012
men,Rectangle,1_ (166).jpg,1.5290160975229758,1.4713477880519708,1.6488883804693037,0.8114705940944766
men,Rectangle,1_ (168).jpg,1.5650317326892527,1.5322248848367845,1.934746299452009,0.7348242609095835
men,Rectangle,1_ (169).jpg,1.5491421280193896,1.4649142704993807,1.845102440157921,0.934160306786749
men,Rectangle,1_ (17).jpg,1.6691934868527747,1.5773843207050258,1.5594741517386963,1.0724203793687763
men,Rectangle,1_ (171).jpg,1.6133269409184958,1.5783215241642845,2.0166586761481198,0.686476117265785
men,Rectangle,1_ (173).jpg,1.5508317448225566,1.5098896850264292,1.8976737589095645,0.7362927894684319
men,Rectangle,1_ (175).jpg,1.5841643639748888,1.5380413053580413,2.0,0.7700493298647423
men,Rectangle,1_ (176).jpg,1.5778021485447706,1.5682465585514769,2.121547775651198,0.772338065795791
men,Rectangle,1_ (178).jpg,1.505672543559561,1.4551452458133531,1.868740164531878,0.7726483081534327
men,Rectangle,1_ (179).jpg,1.5432665224899857,1.5191627797022362,2.0727151923663363,0.7905299666734222
men,Rectangle,1_ (18).jpg,1.4403451323068623,1.3589317982478173,1.3258584972125373,1.1511882492955943
men,Rectangle,1_ (180).jpg,1.5341300919190781,1.4864490366138845,1.9069858744888966,0.85659492720015
men,Rectangle,1_ (181).jpg,1.5266983274435286,1.5113563819323184,2.2322478411969184,0.7354519199392467
men,Rectangle,1_ (182).jpg,1.5239878027017526,1.4682577843740041,1.838850408818114,0.7709696769236664
men,Rectangle,1_ (183).jpg,1.5144111766335289,1.4813060169740642,1.9710811645225266,0.7732753141464074
men,Rectangle,1_ (184).jpg,1.4710807775112507,1.3944664904638462,1.4518838639885905,1.071149923154485
men,Rectangle,1_ (185).jpg,1.474789714467648,1.3391080826522694,1.125557559366493,1.0273814878930716
men,Rectangle,1_ (186).jpg,1.5574294408652802,1.5360806125494275,1.9320729897411941,0.796855315825772
men,Rectangle,1_ (188).jpg,1.5667269697765058,1.4914639142060206,1.9947308667844548,0.771597454270713
men,Rectangle,1_ (189).jpg,1.5883288879552941,1.5009899951577987,2.018633655866486,0.7665570287180555
men,Rectangle,1_ (190).jpg,1.5371868020624506,1.476358387816086,1.8986498362769175,0.8299712769050788
men,Rectangle,1_ (191).jpg,1.602372840295594,1.516722861652989,1.9488989311292337,0.6713765404780309
men,Rectangle,1_ (192).jpg,1.5408637674756966,1.4591886772848035,1.2986373216060916,0.7244846780853876
men,Rectangle,1_ (193).jpg,1.5005109192764725,1.4019023463420146,1.7432146080765045,1.1315398090893387
men,Rectangle,1_ (2).jpg,1.5979768153962064,1.5640231202007873,1.9909283371736926,0.6909302994489237
men,Rectangle,1_ (20).jpg,1.555639892739774,1.5060705979004443,1.90679114305809,0.8232811885589633
men,Rectangle,1_ (22).jpg,1.5614035585188106,1.5277042011407067,1.9994952044341603,0.7605633802816901
men,Rectangle,1_ (23).jpg,1.5668139944170454,1.4644700101357473,1.5039360330135443,1.418865361384941
men,Rectangle,1_ (24).jpg,1.5332326807326855,1.4606119256918595,1.951371805316081,0.5818337756638091
men,Rectangle,1_ (25).jpg,1.6054150109418304,1.4737747494145814,1.4502355612738171,1.2287351060501837
men,Rectangle,1_ (26).jpg,1.5396940510006458,1.4803570374896513,1.6338663292805298,1.0433119756018487
men,Rectangle,1_ (27).jpg,1.5076447528280417,1.4875755660922552,1.899786433501254,0.7211804274132035
men,Rectangle,1_ (29).jpg,1.6033708975337437,1.5821152449221272,2.023230509047269,0.7045690916531884
men,Rectangle,1_ (3).jpg,1.4341283809232979,1.4266039227330984,2.39538475554251,0.6308632928890309
men,Rectangle,1_ (30).jpg,1.6728241423872718,1.5702751963078758,1.0575162463781402,1.0997079851745288
men,Rectangle,1_ (31).jpg,1.5276398569234695,1.4348341712338053,2.8340933995659405,0.6446979317102547
men,Rectangle,1_ (32).jpg,1.5489146915063676,1.4428585578735689,1.8981385192045113,0.924414162698039
men,Rectangle,1_ (34).jpg,1.5383848900589236,1.4794229216556425,1.9327864226229587,0.8244795288495547
men,Rectangle,1_ (35).jpg,1.472616804266069,1.4268635079662315,2.2234846491189435,0.8131535457294119
men,Rectangle,1_ (37).jpg,1.5506725690188543,1.458321738406225,1.8660541922939513,0.9021194919383599
men,Rectangle,1_ (39).jpg,1.542815287751464,1.4547224791781137,1.905367454810526,0.8277532838760915
men,Rectangle,1_ (4).jpg,1.6406146526092484,1.5562512034434473,1.6867249615424593,0.78818434893192
men,Rectangle,1_ (41).jpg,1.5853379348093415,1.5424659109171648,1.9897041768381987,0.7358236637186915
men,Rectangle,1_ (42).jpg,1.5352593986962846,1.461555393630402,2.0928628250528676,0.7703649785537812
men,Rectangle,1_ (43).jpg,1.5887339209880658,1.4890797462077165,1.9320533607225359,0.7308816827558577
men,Rectangle,1_ (44).jpg,1.680443994389688,1.628898603353314,1.7854110548306368,0.8120773411893858
men,Rectangle,1_ (45).jpg,1.5030170441286634,1.4344373800729897,2.2148134572323275,0.6969209902870227
men,Rectangle,1_ (47).jpg,1.5502216452538538,1.5048197257263867,1.9592222332615759,0.7054683697678155
men,Rectangle,1_ (48).jpg,1.472497299631144,1.3755955199469636,1.2211617030020494,0.9529935578541313
men,Rectangle,1_ (49).jpg,1.6209287880433032,1.5085260882642062,2.119562251549557,0.8308370769808687
men,Rectangle,1_ (5).jpg,1.6657415116319239,1.582542104227789,1.967338749073759,0.6903350635742038
men,Rectangle,1_ (50).jpg,1.5862480378789383,1.5069338402789707,2.0966514237816174,0.7223673415258496
men,Rectangle,1_ (51).jpg,1.6008913233347115,1.4957391397769582,1.7785844086282696,0.825549436441006
men,Rectangle,1_ (52).jpg,1.3692623465098697,1.3314686382833583,1.7488273151273679,0.6917547469618032
men,Rectangle,1_ (53).jpg,1.5339596403484097,1.396601249285189,1.2636629532458172,1.0631259540483526
men,Rectangle,1_ (54).jpg,1.522184967606196,1.3970878617970308,1.4456388248739316,0.6868028197434451
men,Rectangle,1_ (56).jpg,1.5906606622035637,1.5223341586707082,2.0454313395950057,0.7711138952696788
men,Rectangle,1_ (57).jpg,1.5554971019665078,1.4327998860413051,1.6325286767396043,1.0
men,Rectangle,1_ (58).jpg,1.6319746582996246,1.5781069215799979,1.77718579748425,0.8289797876302726
men,Rectangle,1_ (59).jpg,1.6008301135137886,1.532095891024521,2.0992525189754,0.6767559667484373
men,Round,2_ (10).jpg,1.597320690889806,1.615481592503206,1.7998500968122153,0.5746996196664345
men,Round,2_ (100).jpg,1.6254080163184244,1.438156000900747,1.2281256787995394,1.0
men,Round,2_ (101).jpg,1.45633892927542,1.3692221261611393,1.7059173034335064,0.7868178324933272
men,Round,2_ (102).jpg,1.4819277108433735,1.4217377977356562,1.5549638627031408,1.150726897337001
men,Round,2_ (103).jpg,1.5437960749100308,1.5310137953301026,1.8501938222528889,0.7852602519969649
men,Round,2_ (104).jpg,1.6928130569691597,1.6589602156575878,1.6588738542105548,0.7177128221914224
men,Round,2_ (105).jpg,1.55,1.533423910368196,1.85,0.8096444153578245
men,Round,2_ (106).jpg,1.5499663213375552,1.5421140992519609,2.1859938509105743,0.5897556028453931
men,Round,2_ (107).jpg,1.5326339662114514,1.5052657109660195,2.0401432113282545,0.6459830042109499
men,Round,2_ (108).jpg,1.5696986529082597,1.4817592183914525,1.9116164560832316,0.9429179550048933
men,Round,2_ (11).jpg,1.5823973917021799,1.577275693369723,1.8053207884590012,0.6555679919226861
men,Round,2_ (110).jpg,1.4879228977516208,1.5198836104703688,1.9593148163716776,0.7395356516545096
men,Round,2_ (111).jpg,1.5894564106687321,1.5894564106687321,1.8466904144240486,0.7168044407606271
men,Round,2_ (112).jpg,1.5861979813548122,1.5546302817613755,1.7598709380457043,0.8676203817744989
men,Round,2_ (113).jpg,1.5603956534982906,1.5592458141575098,1.9003681126904253,0.7071067811865476
men,Round,2_ (114).jpg,1.4182113472032878,1.3002803334304551,1.3469579891321435,0.8385202128206461
men,Round,2_ (115).jpg,1.677345036108498,1.6432113290818546,1.6283887521915608,0.7174636564737309
men,Round,2_ (117).jpg,1.500923077010442,1.500923077010442,1.737639370444124,0.7686624420240878
men,Round,2_ (118).jpg,1.5285862342329204,1.4983778518018835,2.0587197109487794,0.6666666666666666
men,Round,2_ (12).jpg,1.6107944480004888,1.6107944480004888,1.7339343095720148,0.7514790829974852
men,Round,2_ (120).jpg,1.534715707720174,1.4413793830027046,1.292305768981167,1.25
men,Round,2_ (121).jpg,1.5681818181818181,1.5454545454545454,1.978447926620033,0.7880995606084251
men,Round,2_ (122).jpg,1.3132691464019894,1.1475433558897359,1.6228713773104,1.2105336100783515
men,Round,2_ (123).jpg,1.5356355076284853,1.563774752548977,1.8584710832014941,0.620836802879635
men,Round,2_ (125).jpg,1.506421159579497,1.5189183996430191,1.7595348341040322,0.7631319802500027
men,Round,2_ (126).jpg,1.378439608712525,1.2259821521833307,1.5414270811611122,0.7022910149526747
men,Round,2_ (127).jpg,1.6436829170896248,1.599900527411855,1.5009348919549368,0.7541965464205139
men,Round,2_ (129).jpg,1.567405668195769,1.5103642705871272,1.8282843756681086,0.7848095969144104
men,Round,2_ (13).jpg,1.5624337670118325,1.5795442184277295,2.5442580257365686,0.5913622889860345
men,Round,2_ (130).jpg,1.5572505531979677,1.5322257457831103,1.9722795853993949,0.6752903852857501
men,Round,2_ (132).jpg,1.5632649554405553,1.5632649554405553,1.856845227579462,0.8446387595572094
men,Round,2_ (133).jpg,1.5673749515967565,1.539241496503833,2.1160779452460825,0.6700732635364399
men,Round,2_ (135).jpg,1.5559096056181094,1.5549205052920803,1.8328437574753174,0.8136820376301849
men,Round,2_ (136).jpg,1.7288975480818276,1.5929915430690424,1.0710004341387218,0.9739085450273313
men,Round,2_ (137).jpg,1.5012465000796176,1.547554580271718,2.5250855934783027,0.6405024650287544
men,Round,2_ (138).jpg,1.5214595122348142,1.361699909025572,1.8467878846010546,0.6746767220271372
men,Round,2_ (139).jpg,1.5268685056770013,1.5070336567170213,1.6984115431518665,0.6223955636279571
men,Round,2_ (14).jpg,1.5399401178883023,1.55728133960672,1.9082266859878225,0.6372449145195912
men,Round,2_ (140).jpg,1.5638725425612072,1.4649211805697597,1.8674154214001462,0.73820310228603
men,Round,2_ (141).jpg,1.4550772647978576,1.4208177726339628,1.8749258221463745,0.7616888942812466
men,Round,2_ (143).jpg,1.5592411815785985,1.463420280025243,1.7943943124379003,1.083451534985183
men,Round,2_ (144).jpg,1.5907189381947684,1.4855873672572595,1.9692709435978504,0.7700061918272623
men,Round,2_ (145).jpg,1.4487794648310912,1.3537593434069408,1.342001810032866,1.2449316414439568
men,Round,2_ (147).jpg,1.5335987008734813,1.511391427587178,1.6242547079713903,0.757604446292008
men,Round,2_ (148).jpg,1.5084782320632282,1.5084782320632282,1.6973243827959643,0.9067886330341818
men,Round,2_ (15).jpg,1.560551537411511,1.5459328112439863,1.6964615089580273,0.6669921080659217
men,Round,2_ (150).jpg,1.5741830027669192,1.5185185185185186,1.8892519622010147,0.8155071447352175
men,Round,2_ (151).jpg,1.5455606348366093,1.5053047436582776,2.260440010505895,0.7555924042138314
men,Round,2_ (152).jpg,1.573564297617864,1.552362288411283,2.4027524042899238,0.7613914769237147
men,Round,2_ (154).jpg,1.5355350925018187,1.5355350925018187,1.8046225191292011,0.7727570545433634
men,Round,2_ (155).jpg,1.499387394720459,1.4815481322375657,2.391167635948587,0.6598680395868046
men,Round,2_ (156).jpg,1.4842215574615925,1.4065588890724483,1.339098272399214,0.8992003317520896
men,Round,2_ (157).jpg,1.59691069330011,1.6448238642950364,2.052075742141393,0.7807787039970959
men,Round,2_ (159).jpg,1.5377411073474643,1.5173084620793662,1.800460042845663,0.8049086805873574
men,Round,2_ (160).jpg,1.565368350208234,1.4784207074712439,1.870070710226658,0.9334099646147856
men,Round,2_ (161).jpg,1.5747063813241142,1.349578322650966,3.09993854586384,0.8042523510849093
men,Round,2_ (162).jpg,1.701448851677199,1.6235406938716797,1.0829947638874002,1.0382844899549086
men,Round,2_ (163).jpg,1.4881149967940395,1.4881149967940395,2.3161178772541624,0.7650762687011535
men,Round,2_ (164).jpg,1.5811799514956237,1.5811799514956237,1.793645770364055,0.7698866214164691
men,Round,2_ (165).jpg,1.560726755629851,1.5429759391915223,1.8661063584845505,0.7891214064941453
men,Round,2_ (166).jpg,1.576682817005659,1.540205390655213,2.8361774343338233,0.7178679118499104
men,Round,2_ (167).jpg,1.6196210710512209,1.6361434891968918,2.3108141571674508,0.6098780365878043
men,Round,2_ (168).jpg,1.647959966179414,1.6164500776793882,1.8210300354917708,0.8438496680160495
men,Round,2_ (169).jpg,1.5966807968869712,1.5661513939205383,1.9712134777635726,0.8003236207582782
men,Round,2_ (17).jpg,1.5537114339214495,1.5423547296026432,1.6084148420499682,0.9756256160569498
men,Round,2_ (171).jpg,1.5781035957452572,1.5942533787376578,1.870901914212164,0.8088972251233049
men,Round,2_ (172).jpg,1.588300542360465,1.5689290811054724,1.9596336224984072,0.8052371894333411
men,Round,2_ (173).jpg,1.5695290192074225,1.5975779247105766,1.8411175876073587,0.7433034373659252
men,Round,2_ (174).jpg,1.5393228151530474,1.4388059534950282,1.1070332209356797,0.9720354629212201
men,Round,2_ (175).jpg,1.6137373394309371,1.5738624709511737,2.1452734538538354,0.9114859019337014
men,Round,2_ (177).jpg,1.6,1.6,1.93362066830309,0.7838154946660846
men,Round,2_ (179).jpg,1.5994819603348032,1.5679807192410253,1.8519811700294488,0.8355166300729756
men,Round,2_ (18).jpg,1.562405552701062,1.5771986417555512,1.809665407993668,0.7578418860978353
men,Round,2_ (180).jpg,1.5701925318749812,1.501131072029636,1.7172625966019506,1.0240370194070434
men,Round,2_ (181).jpg,1.7123125536723283,1.736845403245598,1.6142496227935383,0.7986293096636741
men,Round,2_ (182).jpg,1.533917958764628,1.5483569064992369,2.081498704659949,0.700101155066711
men,Round,2_ (184).jpg,1.6130710879316716,1.5722934134097841,1.898002806756255,0.777477882729892
men,Round,2_ (186).jpg,1.5926046856686544,1.5756928707469091,1.8632319334485306,0.8547969142234856
men,Round,2_ (188).jpg,1.650194846839396,1.650194846839396,1.8775432925032818,0.7448328932424436
men,Round,2_ (189).jpg,1.4827586206896552,1.4655172413793103,1.7587052041896498,0.6170212765957447
men,Round,2_ (19).jpg,1.4822201030787072,1.40546162007213,1.3455788646908484,0.8027103409092939
men,Round,2_ (191).jpg,1.629552212881739,1.5986555232023203,1.9235384061671343,0.7936713070889863
men,Round,2_ (192).jpg,1.5368066709990895,1.5201996006901746,2.484422457796874,0.7284627479478193
men,Round,2_ (193).jpg,1.5688056810333584,1.5574524822231548,1.7504701042741824,0.7621818800148723
men,Round,2_ (195).jpg,1.5774067898758906,1.5216189289797462,1.8591355703020367,0.8565734378385501
men,Round,2_ (196).jpg,1.5160773045635323,1.5009908285930949,2.075485370761547,0.6670583289033217
men,Round,2_ (197).jpg,1.5266409694303316,1.4995833472935374,1.9584549000645812,0.8379104418906842
men,Round,2_ (198).jpg,1.5856988835794732,1.5463481013898535,2.0997433017122598,0.7620451353167725
men,Round,2_ (199).jpg,1.5995712921230085,1.5986201184727535,2.032166658380564,0.6415913501679726
men,Round,2_ (2).jpg,1.6720639968564261,1.596392911550953,2.040865221286294,0.6939149725702857
men,Round,2_ (20).jpg,1.5534106197698032,1.4612778717349741,1.5080480052100298,0.8824613962189889
men,Round,2_ (200).jpg,1.554121654712738,1.5366885711509288,1.8165254487296216,0.8593013302297541
men,Round,2_ (201).jpg,1.5760448245257548,1.5252988144266066,1.7963521655884946,0.894427190999916
men,Round,2_ (202).jpg,1.3993712757545096,1.3419292412079875,1.5274363238332547,0.8529926372303219
men,Round,2_ (203).jpg,1.6824538046432573,1.5823554737625791,1.8914747413039654,0.7388233026992752
men,Round,2_ (204).jpg,1.7071593088714077,1.5934937633408786,1.9214627499878116,0.713477241231741
men,Round,2_ (205).jpg,1.4664619951437228,1.4364320787675968,1.0824154264907295,0.6774655250064422
men,Round,2_ (206).jpg,1.6668257335517618,1.6466623048469609,1.6519232201829508,0.6017333249075644
men,Round,2_ (207).jpg,1.695452852528357,1.62285118093168,1.8172677015727121,0.6670488201326549
men,Round,2_ (208).jpg,1.4987416105167493,1.3901608431441739,1.9407497092521395,0.6356142893782978
men,Round,2_ (209).jpg,1.6804761230080003,1.6004999218994045,1.7801123560045304,0.7428571428571429
men,Round,2_ (21).jpg,1.469878810601241,1.4096601744727306,2.4939309139147916,0.592390450477518
men,Round,2_ (210).jpg,1.517071010846113,1.430081661475808,2.010793717025348,0.7066472727781021
men,Round,2_ (211).jpg,1.6476358726279092,1.5548944697217792,1.927863019779123,0.7534541801775082
men,Round,2_ (212).jpg,1.728927854526182,1.728927854526182,1.7382798818622351,0.6584233848725137
men,Round,2_ (213).jpg,1.67897270476312,1.5414838980281063,1.8750859892727532,0.4314273122464168
men,Round,2_ (214).jpg,1.548360846862604,1.495410752323448,1.8989448799757713,0.663949096216618
men,Round,2_ (215).jpg,1.7717440342997979,1.7198389906750438,1.1642098674142114,0.7191291792202814
men,Round,2_ (216).jpg,1.5433751716336586,1.4447135466361178,2.670160629150825,0.6944032299012796
men,Round,2_ (217).jpg,1.6785710460472394,1.6003182174326172,1.491481542605663,0.7023730787630803
men,Round,2_ (218).jpg,1.5887185446439573,1.52173346719939,1.5898039468604084,0.7531552926282512
men,Round,2_ (219).jpg,1.696842576763981,1.6513256162931451,1.484755369799284,0.6583407962771305
men,Round,2_ (22).jpg,1.5437274875682965,1.4222948485117817,3.1110303805416772,0.6847264806062467
men,Round,2_ (220).jpg,1.589909970032028,1.5,2.0994439601440313,0.6594204427121747
men,Round,2_ (221).jpg,1.6209882827611413,1.5676305886221074,2.014678083525816,0.6706282636761123
men,Round,2_ (222).jpg,1.5736520148433104,1.4442301942131237,1.5025571555798893,0.9084369719241742
men,Round,2_ (223).jpg,1.7690214299684581,1.6773596090067027,1.4616893415455574,0.7063843834690754
men,Round,2_ (224).jpg,1.4880629053205656,1.4347817695087464,2.32200769706367,0.8794839386587101
men,Round,2_ (225).jpg,1.7173633745418042,1.6612060607686754,1.704545196954222,0.6803674976999421
men,Round,2_ (226).jpg,1.6574792816384687,1.5507082680493727,2.055850027851393,0.8789531924182875
men,Round,2_ (227).jpg,1.6072304300169327,1.5865816648727364,1.9569725034630263,0.568676811726461
men,Round,2_ (229).jpg,1.65289911116744,1.5216984056428031,1.8915153154757287,0.6939297237750099
men,Round,2_ (23).jpg,1.4121647758389482,1.300334032809247,2.1986025122066777,0.9467452300446224
men,Round,2_ (230).jpg,1.5384930639897323,1.471117477647211,1.2693893439096116,0.9986876634765887
men,Round,2_ (232).jpg,1.6937847981349075,1.615220258816239,1.905930261704645,0.7446217418673313
men,Round,2_ (233).jpg,1.5372974374039539,1.4087016891114308,1.6724247854315568,1.0029158359041903
men,Square,3_ (1).jpg,1.4136874326992552,1.3746962590998293,2.3812345740728063,0.8078114529750633
men,Square,3_ (100).jpg,1.5402151712415468,1.5212605222782638,1.8696578398081838,0.905091773335826
men,Square,3_ (101).jpg,1.5922306855341906,1.5559655783038475,2.1211076052204865,0.7336364893094126
men,Square,3_ (102).jpg,1.5103419683329296,1.4699545392138047,1.8167850831392711,0.7502248442201308
men,Square,3_ (103).jpg,1.2494876998974906,1.219056012238818,2.202105422699587,0.8109629216502465
men,Square,3_ (105).jpg,1.5728003650194424,1.5728003650194424,1.8582197272308965,0.8938865415539441
men,Square,3_ (107).jpg,1.528482223170974,1.4861806456991302,1.8570083204069934,0.8938207310877204
men,Square,3_ (109).jpg,1.5480283435962403,1.5253865489479514,1.8666912124061192,1.0
men,Square,3_ (11).jpg,1.5162932760997456,1.4617633655117155,2.0,0.6940191580115361
men,Square,3_ (110).jpg,1.6000184910174111,1.5480470613460082,1.4629547793389008,0.997630328422983
men,Square,3_ (111).jpg,1.5036889081222793,1.5561957307339493,2.160460605449873,0.8086075400626399
men,Square,3_ (112).jpg,1.2886129775164503,1.2898995180551676,2.497695214776944,0.7967983394008424
men,Square,3_ (114).jpg,1.5737121627890436,1.5728003650194424,1.8582197272308965,0.8938865415539441
men,Square,3_ (116).jpg,1.5975779247105766,1.5975779247105766,1.8621349990469185,0.8545976121261312
men,Square,3_ (117).jpg,1.679208887920257,1.5305192812853639,1.2814289234432437,0.5912446199104613
men,Square,3_ (119).jpg,1.6103874190656666,1.5907997286974986,1.9009484869965816,0.8323001217851003
men,Square,3_ (12).jpg,2.136531497399053,2.136531497399053,3.396508417485788,0.7714047653770646
men,Square,3_ (120).jpg,1.4108245401642778,1.2801658855861946,1.1237406288776899,0.7572026266959265
men,Square,3_ (121).jpg,1.311343645057052,1.2494739124786844,2.8394872510476556,0.8995028801009501
men,Square,3_ (123).jpg,1.5477524108703462,1.4747709279955488,1.9330844305982862,1.0284632810918786
men,Square,3_ (124).jpg,1.6261449517717452,1.5983069645216552,1.4432496084580833,0.4909175083453431
men,Square,3_ (125).jpg,1.4706941138355685,1.4060792379981335,2.861920375428729,0.6875
men,Square,3_ (126).jpg,1.8315146185077398,1.7213993118225057,1.2495066017706562,0.8119908499861411
men,Square,3_ (128).jpg,1.5217942980624062,1.5010106358526603,1.8762632948158253,0.8545976121261312
men,Square,3_ (129).jpg,1.5906124848381762,1.5307740626131707,1.626995815795291,0.896631621194153
men,Square,3_ (13).jpg,1.5779323930547535,1.5623093000542114,2.00365787051937,0.656380422591533
men,Square,3_ (131).jpg,1.6058959676945141,1.5421726831072664,1.9391967975500033,0.7830756969602692
men,Square,3_ (132).jpg,1.5623938438808829,1.541595428272737,2.148918554344543,0.6089528137809732
men,Square,3_ (133).jpg,1.597735570894462,1.5309804892520593,2.076116898114598,0.6719840027857805
men,Square,3_ (134).jpg,1.5759504123469126,1.5759504123469126,2.149775555028677,0.599913290810344
men,Square,3_ (135).jpg,1.6291397204870615,1.6289002408982693,1.7443947012824128,0.6511528238439882
men,Square,3_ (136).jpg,1.5294869062900123,1.423625339057327,1.1308643321971004,1.0578258992801097
men,Square,3_ (137).jpg,1.5947897196362244,1.55961584925963,2.2020060345410415,0.7296776420729572
men,Square,3_ (138).jpg,1.545351444044158,1.469840634067869,1.4696063902935212,0.8847317126775849
men,Square,3_ (139).jpg,1.585017965473009,1.5670603617242354,1.6230802390646466,0.6768462921017061
men,Square,3_ (14).jpg,1.3044098374021111,1.1620520485346815,1.7997538775156228,0.9425282108151654
men,Square,3_ (141).jpg,1.5756495685913368,1.5907265111080755,1.9240812334900586,0.6427546710077859
men,Square,3_ (142).jpg,1.5768646138267186,1.576135933282343,2.6111698386889803,0.6132852482890142
men,Square,3_ (143).jpg,1.6131100963686689,1.600347184554374,1.7834112132527247,0.7209403422122362
men,Square,3_ (144).jpg,1.5485943602817385,1.537849873851326,2.1781131433828276,0.6672784279026811
men,Square,3_ (145).jpg,1.57674974171408,1.5457142463924478,1.8647265322538955,0.705750870483161
men,Square,3_ (147).jpg,1.5575230347243207,1.5575230347243207,1.9419486373656638,0.6744186046511628
men,Square,3_ (148).jpg,1.4348236341829488,1.3405793616608574,3.320163782779998,0.5802013989696481
men,Square,3_ (15).jpg,1.5969311767179655,1.6123273168957875,1.9713053946116108,0.7226757737551486
men,Square,3_ (150).jpg,1.6118249031472858,1.5528782772046252,1.5535465171884504,0.8584561671005696
men,Square,3_ (151).jpg,1.5926589402631062,1.5525181158363337,2.760547952852839,0.75
men,Square,3_ (153).jpg,1.52,1.48,1.906853137734757,0.724235519473577
men,Square,3_ (155).jpg,1.5607211012059037,1.5607211012059037,1.9091122708242931,0.7116667063480028
men,Square,3_ (157).jpg,1.5749657290186871,1.5624864180751028,1.9459250252313567,0.71357558858213
men,Square,3_ (158).jpg,1.5995517807712594,1.5567619736934186,2.02751494864502,0.6956416382839782
men,Square,3_ (159).jpg,1.6070730723887965,1.5117976371827722,1.4166163055395733,0.9990644002317736
men,Square,3_ (160).jpg,1.5255829155436578,1.4927496623512522,1.9007532037706214,0.69065812374841
men,Square,3_ (161).jpg,1.5278941383492,1.509474127846372,2.261833995196377,0.6979889770617042
men,Square,3_ (163).jpg,1.5580954264489733,1.5710072262550276,1.8828203773447192,0.6901578819809829
men,Square,3_ (165).jpg,1.5637420683086924,1.5637420683086924,1.927358488657897,0.6670369342134949
men,Square,3_ (166).jpg,1.6039320012920384,1.584735908710304,2.018508663394658,0.6818181818181818
men,Square,3_ (168).jpg,1.5817077101310109,1.5608412827049654,1.9621569702777595,0.6268138373172008
men,Square,3_ (169).jpg,1.555996410192593,1.4648370555974148,1.1944085553034887,0.7544738360147217
men,Square,3_ (17).jpg,1.5348701564452463,1.483159528800453,1.5353542662684956,1.1450111254873325
men,Square,3_ (170).jpg,1.5980164572914275,1.5980164572914275,2.173423080196902,0.6460290853945394
men,Square,3_ (171).jpg,1.5518765901210783,1.5343515795566425,1.931055343580365,0.6810292981784084
men,Square,3_ (172).jpg,1.6080496742293977,1.587426650792883,1.9817172010996171,0.6653545139348519
men,Square,3_ (173).jpg,1.6728781357085185,1.615543721386594,1.9804030658283502,0.682020745554754
men,Square,3_ (174).jpg,1.657220774987732,1.6112872645166552,2.1405068177880953,0.5644662739093053
men,Square,3_ (176).jpg,1.5846236235995446,1.584735908710304,1.905321261708976,0.6816421605988245
men,Square,3_ (177).jpg,1.4190060869356351,1.418865361384941,1.6391769149382422,0.6664096137684788
men,Square,3_ (179).jpg,1.5885076019283266,1.5588928952380048,1.8825827065653247,0.7171017190363163
men,Square,3_ (18).jpg,1.6004135232876415,1.5964878737684045,2.910776248444927,0.6753509392239765
men,Square,3_ (181).jpg,1.5908411074788098,1.5985372660460029,1.8860901079666736,0.700838471783003
men,Square,3_ (182).jpg,1.588612096855815,1.5351732008984382,1.749767188692939,0.7888203655210567
men,Square,3_ (183).jpg,1.672826084038032,1.5637420683086924,1.315263226647769,0.8498365855987975
men,Square,3_ (184).jpg,1.6460035081393178,1.5206460551892704,1.7709391848760037,0.7544738360147218
men,Square,3_ (185).jpg,1.538961388209127,1.5545150548178348,2.062662865557029,0.5976377861039033
men,Square,3_ (187).jpg,1.614859807577203,1.567710156097471,2.023613736415961,0.7312588566830139
men,Square,3_ (189).jpg,1.603884568856861,1.5661513939205385,2.0003559668978976,0.6173880054700812
men,Square,3_ (19).jpg,1.5590981059824671,1.5083531536318753,1.7794861438751184,0.86761882813781
men,Square,3_ (190).jpg,1.6210968555020153,1.5455742081099972,1.288532782546149,0.8456488344576089
men,Square,3_ (191).jpg,1.4002407497653289,1.3562652721101034,2.132698065166535,0.7497345602465085
men,Square,3_ (192).jpg,1.5775276647428915,1.5211919652169699,1.9163212790642197,0.6783738517974788
men,Square,3_ (193).jpg,1.5344521737491992,1.4759641780739485,1.8978603864966606,0.6340761155999199
men,Square,3_ (194).jpg,1.5071855366560785,1.4745181948274406,2.077763046522706,0.7253507725744863
men,Square,3_ (195).jpg,1.6613686170087858,1.5807274501292408,1.8065236160765372,0.7501505613803722
men,Square,3_ (196).jpg,1.5567696717134236,1.499660102871166,1.827881309485402,0.7645589224433775
men,Square,3_ (197).jpg,1.5394736842105263,1.513157894736842,1.8421522550397191,0.7543859649122807
men,Square,3_ (199).jpg,1.5436313457458029,1.521894402016273,1.848976623909993,0.7340252743933793
men,Square,3_ (2).jpg,1.5206906325745548,1.5191183588632238,1.9671007330885844,0.7256029966823517
men,Square,3_ (20).jpg,1.636194220368722,1.6546715298747132,1.8364201216458405,0.62084409822189
men,Square,3_ (200).jpg,1.4471609931195826,1.4091137801917293,2.073801184812796,0.6472314361173594
men,Square,3_ (201).jpg,1.528482223170974,1.4999149809273198,1.8855760015931802,0.6606089674246689
men,Square,3_ (202).jpg,1.5532134947766671,1.492669541727767,1.956429637503823,0.8150554292176057
men,Square,3_ (203).jpg,1.7751282715043057,1.656656774382423,1.0809899749038827,0.9428808992889306
men,Square,3_ (204).jpg,1.5385871294618239,1.5087691300336665,2.2305583247547043,0.7241379310344828
men,Square,3_ (205).jpg,1.4799619634573302,1.4366710778486007,2.1999639604219885,0.6909499002864697
men,Square,3_ (207).jpg,1.53976435717813,1.5396825396825398,1.9047619047619047,0.6664427007031718
men,Square,3_ (208).jpg,1.5145791124800607,1.4854492184956285,1.8731954717030468,0.7347264857411617
men,Square,3_ (209).jpg,1.7100267589045726,1.6810453538588321,1.6246344854322694,0.7185378530025048
men,Square,3_ (210).jpg,1.530837607384657,1.5100275430212406,1.8373722321294887,0.6837700172310047
men,Square,3_ (211).jpg,1.4922104098420201,1.415551513062474,1.3397169319088125,0.5917745424289702
men,Square,3_ (212).jpg,1.5598991984502335,1.525394790961567,1.9322825687239815,0.6861611477069858
men,Square,3_ (213).jpg,1.64295418968021,1.5892857142857142,1.8036598281023515,0.6901045890960317
men,Square,3_ (214).jpg,1.4697988562815718,1.3964969902988704,1.2708940991675024,0.9412913532826624
men,Square,3_ (216).jpg,1.4914675187830957,1.4301301833850333,1.8151423652644407,0.7994590107886521
men,Square,3_ (218).jpg,1.5398697128013623,1.453716439467968,1.8287490908399249,0.7508713417767299
men,Square,3_ (22).jpg,1.5869305668028488,1.6208111963977743,1.9421775496691736,0.7520974968600271
men,Square,3_ (23).jpg,1.5084648766459912,1.4063802147587434,1.7468150973179954,0.8879535677396304
men,Square,3_ (24).jpg,1.4528869611193747,1.36720731980255,1.909298171542755,0.5887044546915183
men,Square,3_ (25).jpg,1.5661513939205385,1.5867969398451356,1.8306870552717696,0.733034143675444
men,Square,3_ (26).jpg,1.6501758123356407,1.4823639482281938,3.859562394603685,0.886547959240823
men,Square,3_ (27).jpg,1.6301602719471817,1.5581444186479583,1.8216233371313972,0.7105961349347766
men,Square,3_ (28).jpg,1.5373858843961898,1.5223880597014925,1.8508064506344142,0.6921797123283554
men,Square,3_ (29).jpg,1.6158424259692312,1.5773920503392214,2.346232659458071,0.6546897268680963
men,Square,3_ (3).jpg,1.688889870088808,1.6385457621821555,1.3697596908721819,0.7362500800672005
men,Square,3_ (30).jpg,1.525517887866074,1.5085697932241782,2.305333984531431,0.6441982491919072
men,Square,3_ (32).jpg,1.527858734244568,1.4919219498076703,1.8217259721946208,0.6708693636039278
men,Square,3_ (33).jpg,1.516780337150088,1.39511238651409,1.2770639689028997,0.70316255393463
men,Square,3_ (34).jpg,1.638479595422349,1.5959507584914427,1.4716014609018662,0.8490154172508824
men,Square,3_ (35).jpg,1.491621722623173,1.3560381314555667,1.263479461833077,0.5919690451597537
men,Square,3_ (36).jpg,1.3852434256470358,1.2656550453027149,1.0596270845401665,0.9705508291259651
women,Oval,oval (1).jpg,1.506991368748207,1.4285422137836825,2.498079819399202,0.6502948046764973
women,Oval,oval (10).jpg,1.5684647567857146,1.499498616539075,1.9735533275604291,0.7837179675764616
women,Oval,oval (100).jpg,1.564842540935658,1.4904860638615023,1.8992375361302094,0.6853548099932812
women,Oval,oval (101).jpg,1.5433416573400534,1.4203917662841918,1.7630749367413208,0.8125605507979183
women,Oval,oval (102).jpg,1.5129412652791743,1.467889545478449,1.7524056800764836,0.7859793752222513
women,Oval,oval (104).jpg,1.5407805522215992,1.4645066180820727,1.825178713284459,0.695573851234636
women,Oval,oval (107).jpg,1.570459984476949,1.4976540880843485,1.9234988361968455,0.7043748709805701
women,Oval,oval (11).jpg,1.4816460312302528,1.4095227897322247,1.8604446785913173,0.6964207855776843
women,Oval,oval (110).jpg,1.5267086873593123,1.445986138387488,1.878470025056694,0.827817048078111
women,Oval,oval (111).jpg,1.5337369374467678,1.4067262704030532,1.8049915437355841,0.7001896076961324
women,Oval,oval (112).jpg,1.5449034934660841,1.4433012702485337,1.8743039945317106,0.7949779395890488
women,Oval,oval (113).jpg,1.5604039830279435,1.5349082245482135,2.0127184061258387,0.6824278232900657
women,Oval,oval (114).jpg,1.555761880606804,1.4837134579134688,1.8381783007873416,0.8234540585961709
women,Oval,oval (115).jpg,1.4494482214054707,1.4142711257756768,1.774077103322855,0.8024971599014095
women,Oval,oval (116).jpg,1.602871244597106,1.5069972315160343,2.05714597256848,0.8452083844121568
women,Oval,oval (118).jpg,1.5465553412251845,1.4302798252730191,1.790848679830554,0.8276427795731046
women,Oval,oval (119).jpg,1.6120508753528016,1.4927942235123166,1.806166539254455,0.8154590240867777
women,Oval,oval (12).jpg,1.575862871321466,1.4634880816457636,1.8131723864227092,0.875527411970561
women,Oval,oval (122).jpg,1.4878752105263024,1.4496009487720491,1.7913056035045454,0.8912752000231804
women,Oval,oval (123).jpg,1.626139377680092,1.5702580990939923,1.7368108683119095,0.7364461563321997
women,Oval,oval (124).jpg,1.4538576006875377,1.4472287842100688,1.8925461075574275,0.5355939505865195
women,Oval,oval (125).jpg,1.437551123565139,1.3427817070128643,1.180480526401608,0.766413504265685
women,Oval,oval (126).jpg,1.3746820562289264,1.1483275875017749,1.3876487045235604,0.9817688392072217
women,Oval,oval (127).jpg,1.526410359924865,1.447576308677316,1.7698085949250044,0.876349300509419
women,Oval,oval (129).jpg,1.5798772449832332,1.4351763082239255,1.7400654899783945,0.8895923678407155
women,Oval,oval (130).jpg,1.547564447167326,1.4221147891866575,1.7527139415646091,0.9238273455152263
women,Oval,oval (132).jpg,1.547733196251481,1.4812547775599971,1.8346256993482535,0.7125609730776711
women,Oval,oval (133).jpg,1.56465527497878,1.4705659233719819,1.873122544053478,0.7980222296931329
women,Oval,oval (137).jpg,1.4306826398267234,1.3229203737155426,1.7085985600136284,0.8496246874974771
women,Oval,oval (138).jpg,1.560703862078122,1.4514867617645486,1.8852137041122803,0.7832397977439011
women,Oval,oval (139).jpg,1.5120286630102504,1.4192996212858524,1.7468027528352257,0.8349158139107368
women,Oval,oval (14).jpg,1.5815503170996361,1.4796555447040542,1.8982991921741024,0.9222233920717204
women,Oval,oval (146).jpg,1.5647739585773732,1.4692455462700758,1.7033907405958537,0.7845758951356515
women,Oval,oval (147).jpg,1.5854146779810105,1.4853732952710061,1.763938610812196,0.7752141880443505
women,Oval,oval (149).jpg,1.4361111742836457,1.4139147929947342,1.9572025163268876,0.7857440359215477
women,Oval,oval (151).jpg,1.644857461651438,1.539141407582154,1.759560317220771,0.8789067437562323
women,Oval,oval (153).jpg,1.6108549019045506,1.534224304131119,1.8527897548800607,0.8150797022124245
women,Oval,oval (154).jpg,1.5581514226248172,1.48650768655935,1.8352531591622476,0.642264965729984
women,Oval,oval (155).jpg,1.5444763307743012,1.4698090072661838,2.0,0.7509669402670962
women,Oval,oval (156).jpg,1.4535668140276947,1.3126804290679415,1.6798809731650177,0.9468641529479987
women,Oval,oval (157).jpg,1.5721328486097823,1.3928094759294491,1.8626552542785335,0.9861138086383696
women,Oval,oval (158).jpg,1.5327720782629226,1.4032801295362303,1.4840698819914602,0.9631383715866806
women,Oval,oval (165).jpg,1.5400234916873203,1.4387375960567539,1.904592975606698,0.7817897152369215
women,Oval,oval (167).jpg,1.6046298984910832,1.5246288006328585,1.480502507767893,0.8171404549974481
women,Oval,oval (168).jpg,1.6222344854795252,1.5453215405073708,1.2561463619815751,0.5187830013301667
women,Oval,oval (169).jpg,1.4667087536048984,1.372627020815052,1.8888643789259485,0.8925604042302463
women,Oval,oval (171).jpg,1.5434830822182999,1.4570492345041517,1.780030028083317,0.755191373904186
women,Oval,oval (172).jpg,1.5483337281036507,1.4515747282949263,1.8784556255661395,0.7832647378983919
women,Oval,oval (174).jpg,1.4857677734529282,1.4049553912686952,1.7108146016680765,0.8317295435997988
women,Oval,oval (175).jpg,1.5978451142550412,1.4870610602768743,1.8107893245712166,0.838317854698119
women,Oval,oval (176).jpg,1.5624620879868325,1.4190840479195515,1.78681096082997,0.840718470815178
women,Oval,oval (177).jpg,1.519467469942363,1.4021245106747917,1.754385802277471,0.8730177169151926
women,Oval,oval (179).jpg,1.5503830224435584,1.4529685279452937,1.8388663013835307,0.7939759089313349
women,Oval,oval (18).jpg,1.5206227599183342,1.433466319127657,1.806187123917537,0.7808872205153324
women,Oval,oval (180).jpg,1.5460961567641067,1.422837935601594,1.875662264388909,0.743602610693442
women,Oval,oval (182).jpg,1.4971194167609694,1.397527048229768,1.7220529005146208,0.8113444010307169
women,Oval,oval (183).jpg,1.5594565397586964,1.4390226876653636,1.7073670926542124,0.8018730394102833
women,Oval,oval (184).jpg,1.560961788525752,1.4985376550264853,1.755940847016687,0.7561187316602149
women,Oval,oval (185).jpg,1.531178264772563,1.445650392439149,1.8778066251272594,0.802223457811362
women,Oval,oval (188).jpg,1.5606366461033154,1.420330632731527,1.739379437912371,0.786603816562029
women,Oval,oval (189).jpg,1.570001585150654,1.4679748724839754,1.8430989052844218,0.8278646596857633
women,Oval,oval (190).jpg,1.5440930303629843,1.5234603336112615,1.8549932868437464,0.7288916203413192
women,Oval,oval (191).jpg,1.4565450737788774,1.3465872689626028,1.836646462341428,0.7135400975620166
women,Oval,oval (194).jpg,1.499752069041175,1.4245286125437429,1.8279712697484949,0.7483209094176962
women,Oval,oval (199).jpg,1.5348571803639877,1.4521550501520364,1.8965996837498575,0.7114645989131934
women,Oval,oval (202).jpg,1.568430867018175,1.4735618804056432,1.860210079120511,0.7940353876740956
women,Oval,oval (203).jpg,1.5237212402258515,1.4621800716225135,1.6985743041086148,0.784636057105464
women,Oval,oval (208).jpg,1.5775447953834032,1.4885213981048413,2.245649517880508,0.915913179348621
women,Oval,oval (209).jpg,1.5302331362527597,1.4350507967141515,1.7732131741673034,0.931576824934648
women,Oval,oval (21).jpg,1.3971362207663083,1.323611108589682,1.5147772684491871,0.5709531732003299
women,Oval,oval (212).jpg,1.4586415976759561,1.3442821980645943,1.7865535455003372,0.8576828192269899
women,Oval,oval (213).jpg,1.503612089293144,1.4027175190879184,1.8751511354613306,0.7440653318043247
women,Oval,oval (214).jpg,1.476328994203277,1.4093269823077579,1.7934661626426975,0.7226757737551487
women,Oval,oval (215).jpg,1.480698170183727,1.3734679061022113,1.8299790824914024,0.795064001906478
women,Oval,oval (216).jpg,1.5087290676903264,1.4459639133087374,1.847082878702611,0.6260163374057667
women,Oval,oval (217).jpg,1.481937836346059,1.3639811808149682,1.7406340762893566,0.7374249930928272
women,Oval,oval (218).jpg,1.5683440269334896,1.4256710563641413,1.817467207836266,0.938192995623691
women,Oval,oval (22).jpg,1.601136219301296,1.5068663432090545,1.8780845089541354,0.8229076777076642
women,Oval,oval (220).jpg,1.5949280925602747,1.4773773918083488,1.8742503232301022,0.7529748207408471
women,Oval,oval (222).jpg,1.4979098475522883,1.404624911541036,1.7960274699482082,0.7710496570385177
women,Oval,oval (223).jpg,1.5725281643220914,1.5132318690984445,1.4785827324000926,0.7276068751089989
women,Oval,oval (227).jpg,1.5815448054837464,1.4462700241194177,1.878875551010924,0.8393213747385789
women,Oval,oval (228).jpg,1.483940066846858,1.409566261106132,1.8259034523643811,0.826399943872137
women,Oval,oval (229).jpg,1.5336399998064232,1.4656340128390286,2.036542940731303,0.70178987212545
women,Oval,oval (23).jpg,1.5325687988758192,1.4215561606240603,1.490095151875824,1.3677487702422977
women,Oval,oval (232).jpg,1.4739977617393707,1.3301513405503373,1.2564841020758177,1.2475824625485634
women,Oval,oval (233).jpg,1.4501095405375455,1.3454445341503818,2.4393754295286003,0.8270124454030678
women,Oval,oval (235).jpg,1.5425294821045215,1.4403511061387408,1.7755590930572875,0.8326442342338337
women,Oval,oval (238).jpg,1.5020311451416744,1.4999999999999998,1.8490147470231797,0.7598772789423456
women,Oval,oval (239).jpg,1.6080348470096975,1.5198194080735827,1.1153552346115116,1.0840176841835385
women,Oval,oval (24).jpg,1.368053776768667,1.3016012498900942,2.2512819048141672,0.6327375391602927
women,Oval,oval (242).jpg,1.5292950771958425,1.4705933103944626,1.778394611972037,0.8296928611856552
women,Oval,oval (243).jpg,1.4580352805178463,1.3428285524679748,2.187431032904724,0.9562965436193128
women,Oval,oval (245).jpg,1.4984702224265747,1.4409674472856646,1.8043063532902242,0.8158945398634582
women,Oval,oval (247).jpg,1.564836861849304,1.3886163834285685,1.7532701780929552,0.9231952732523013
women,Oval,oval (248).jpg,1.736683656909983,1.7197771102630306,1.7448662044939431,0.5873650070267787
women,Oval,oval (251).jpg,1.5217611569156093,1.3991020035591373,1.8594114095916812,0.8354669523984446
women,Oval,oval (253).jpg,1.4972500525012395,1.4450217596928248,1.849349888981662,0.7736155812756695
women,Oval,oval (257).jpg,1.4882178073754873,1.4327599090254257,1.8427640491893749,0.7837208463104737
women,Oval,oval (26).jpg,1.5923195845178015,1.4998571523799935,1.2962063261317665,0.9861425171952497
women,Oval,oval (261).jpg,1.4718709358407247,1.3295058551190075,1.3064275542170556,0.8418316115716569
women,Oval,oval (263).jpg,1.5673228522960603,1.4035944165232856,1.7953766551817714,0.8989312590504943
women,Oval,oval (264).jpg,1.6439313560743498,1.6486767861716891,1.6646486285565625,0.5264937523013077
women,Oval,oval (267).jpg,1.457737973711325,1.3301668659994184,1.4677914581799019,1.3416407864998738
women,Oval,oval (269).jpg,1.5977984993819752,1.4955597530579907,1.8726727648710542,0.7616548660485885
women,Oval,oval (27).jpg,1.5777030338569584,1.4927120333117405,1.494165475834953,0.8100053069487063
women,Oval,oval (270).jpg,1.6312300886784628,1.5524886455221303,1.8397468598389546,0.4578480054393911
women,Oval,oval (271).jpg,1.3819286571779812,1.2728019717047172,1.1298488069212924,1.2960581523527095
women,Oval,oval (273).jpg,1.5269679500423687,1.4261851932575613,1.8761438885804722,0.8234539532732741
women,Oval,oval (28).jpg,1.3784209361349369,1.2414863937216074,1.1212224108032678,1.157372971484107
women,Oval,oval (283).jpg,1.528008575719526,1.3971659150023024,1.2022855582707022,0.8892677230331506
women,Oval,oval (29).jpg,1.7007194795522729,1.6202194631380256,1.4301249586773581,0.5001522473434291
women,Oval,oval (297).jpg,1.4964645416255995,1.4558350229269879,1.9663107529358228,0.8311090028018074
women,Oval,oval (3).jpg,1.5060875684185313,1.3985715865415311,1.8604349264526319,0.735028310998509
women,Oval,oval (30).jpg,1.566923980920558,1.5180634000467088,1.9189016208011045,0.7773211189252721
women,Oval,oval (300).jpg,1.662056238286334,1.4958506144577006,1.8517057756682105,0.8086694177680422
women,Oval,oval (302).jpg,1.4891388812929807,1.453775799024708,2.0088794319674683,0.7886471847937508
women,Oval,oval (303).jpg,1.5863875235534048,1.5952808877956972,2.226952341135967,0.6991642635333245
women,Oval,oval (304).jpg,1.582966384726308,1.5274411052450731,1.7771887141952887,0.8107367878215836
women,Oval,oval (305).jpg,1.4724005540341774,1.466025176706649,2.3922610145336223,0.7151605507111912
women,Oval,oval (307).jpg,1.6119207591773907,1.4836444273215652,1.5876776977817006,0.8340337192811567
women,Oval,oval (308).jpg,1.4383889690028784,1.3364556800586624,1.3414100302980632,0.9375278555561437
women,Oval,oval (31).jpg,1.6444176214619999,1.5034205281413624,1.9633561589309303,0.8259482550489514
women,Oval,oval (310).jpg,1.5,1.45624371335952,1.9983696757021563,0.6607960573060067
women,Oval,oval (311).jpg,1.4984882985812085,1.4954838077419013,1.7783271600057153,0.7478801428770615
women,Rectangle,oblong (1).jpg,1.5278278879488802,1.5495290613904689,1.8815985850020283,0.6494257419185366
women,Rectangle,oblong (100).jpg,1.5053699037477097,1.4316849843762611,1.7890145516184541,0.785256961814946
women,Rectangle,oblong (1000).jpg,1.5116879905020526,1.4912098386183927,2.253907782122877,0.6395960730739609
women,Rectangle,oblong (101).jpg,1.5607237164863135,1.4630191284822183,1.9524673648681086,0.8504131515397825
women,Rectangle,oblong (102).jpg,1.5247750244890634,1.4264258182634189,1.7381101503833196,0.8666303184009235
women,Rectangle,oblong (104).jpg,1.489879208324631,1.4332028621251551,1.8826860886413834,0.7565992291971236
women,Rectangle,oblong (105).jpg,1.4162766698291003,1.3486687306103127,1.2464327505361594,0.6929780920974465
women,Rectangle,oblong (108).jpg,1.4915444196620788,1.3505563866285386,1.5720589348385794,1.4328887283393419
women,Rectangle,oblong (110).jpg,1.5697920907933283,1.5319030624304744,1.9604532571400117,0.6171906488190646
women,Rectangle,oblong (111).jpg,1.4825258722883228,1.4283284041626232,2.318397147243593,0.926864925858082
women,Rectangle,oblong (112).jpg,1.576605248556027,1.4952880207493864,1.9913505062613661,0.8812940551165933
women,Rectangle,oblong (113).jpg,1.5733592912807486,1.4999099072043394,2.088009526746414,0.6450273568309262
women,Rectangle,oblong (115).jpg,1.58080251808213,1.5047288904736993,1.952559177205694,0.9272327331283639
women,Rectangle,oblong (116).jpg,1.569738821465011,1.4293152593713154,1.436324278974763,0.9697393714305698
women,Rectangle,oblong (117).jpg,1.5592587384107504,1.5151924380948478,1.985306875037862,0.7404644969428829
women,Rectangle,oblong (118).jpg,1.5547074916573165,1.4563521340876109,2.056182048210862,0.7973661509306258
women,Rectangle,oblong (119).jpg,1.4226975701351203,1.3280922632968915,1.4111642765406922,0.9531718551058113
women,Rectangle,oblong (120).jpg,1.604217414664706,1.476390778124047,2.0459914665220578,0.7712461051112451
women,Rectangle,oblong (121).jpg,1.6011229485425682,1.5229998569970913,2.022503938287782,0.6746492759316982
women,Rectangle,oblong (122).jpg,1.5283651846979736,1.4839936565674499,2.050548692230268,0.7441463254990606
women,Rectangle,oblong (123).jpg,1.6045848194727037,1.5446489070483602,2.0442383347028157,0.7348398092216675
women,Rectangle,oblong (125).jpg,1.4796710131089936,1.3253787920079891,1.7882599140245181,0.9442054716017799
women,Rectangle,oblong (127).jpg,1.5488960170449568,1.4427074272987435,1.8910144158660562,0.7846704313571929
women,Rectangle,oblong (128).jpg,1.5929526377630487,1.5529474802680499,2.130721175717289,0.6986048758921155
women,Rectangle,oblong (130).jpg,1.5797114143926463,1.510765543815775,2.052833051489632,0.8355733507374968
women,Rectangle,oblong (132).jpg,1.5550358873660874,1.5277811422501342,1.9939037319602504,0.669937734455477
women,Rectangle,oblong (133).jpg,1.5863137105759237,1.4356947580907595,1.8324678579821432,0.9185497615270843
women,Rectangle,oblong (134).jpg,1.5483680181466875,1.5239492198667453,2.023797554063531,0.7745601789967691
women,Rectangle,oblong (136).jpg,1.5665683609750733,1.5793478472589593,1.9646365584928471,0.8365957989957677
women,Rectangle,oblong (137).jpg,1.5560942944288216,1.4167534966649304,1.5313253777904625,1.3603067525684711
women,Rectangle,oblong (138).jpg,1.5483683138049569,1.509701141286799,1.8838759501856819,0.6589006209914253
women,Rectangle,oblong (140).jpg,1.605349744917205,1.4682678334155244,2.1176906572901606,0.8445230476915309
women,Rectangle,oblong (141).jpg,1.5106191367222115,1.4893809994121217,1.8711305909011415,0.7875172926599975
women,Rectangle,oblong (142).jpg,1.4780714879771855,1.4346083390399902,1.8044452536984072,0.8995004162812389
women,Rectangle,oblong (145).jpg,1.5404234025248036,1.4199878687051894,1.6781762308198158,1.3854498019943393
women,Rectangle,oblong (153).jpg,1.5230000426153987,1.49536107595162,1.9022105092458128,0.7960370125891486
women,Rectangle,oblong (159).jpg,1.553384362303136,1.4652477356154514,1.3340533924306617,0.8258672188487325
women,Rectangle,oblong (16).jpg,1.4898227716126384,1.3808644727524304,1.874262486663035,0.8736316427004688
women,Rectangle,oblong (160).jpg,1.6482510929943077,1.5937968309191368,1.9862075548316573,0.6717689025587894
women,Rectangle,oblong (161).jpg,1.550798665733778,1.4593463003289462,1.875417076297666,0.8372556988032474
women,Rectangle,oblong (163).jpg,1.62118534090671,1.5452771822192732,2.0907926288483165,0.8468734085657352
women,Rectangle,oblong (164).jpg,1.5115858898072234,1.4573594736844888,1.9355087682946117,0.6948469887174978
women,Rectangle,oblong (166).jpg,1.6219739841111103,1.5554537016749117,1.9701067508766452,0.7716636913887485
women,Rectangle,oblong (167).jpg,1.5825041696977515,1.5103152072798436,2.1105918154584344,0.7087377195556133
women,Rectangle,oblong (168).jpg,1.6755181619759039,1.6010630149303238,1.783644832607907,0.7099676429627296
women,Rectangle,oblong (169).jpg,1.5312024092113534,1.4743370346566909,1.8784262529315314,0.9343991454193314
women,Rectangle,oblong (17).jpg,1.7023576151044593,1.6545447987661925,1.8866011908335154,0.7731746743345282
women,Rectangle,oblong (170).jpg,1.3778752287436629,1.2867942399849304,2.0069677894847233,0.9623245505669056
women,Rectangle,oblong (172).jpg,1.5737334812230146,1.5193352422182516,2.0299669494255976,0.9003033377875064
women,Rectangle,oblong (174).jpg,1.471400876771036,1.404538948017661,1.8412311048508148,0.7409690805112209
women,Rectangle,oblong (175).jpg,1.514740692228322,1.4650534199299126,1.9761223224030604,0.8633652496377623
women,Rectangle,oblong (176).jpg,1.4499619860616682,1.481580403471511,1.9499281468870073,0.7519351637375649
women,Rectangle,oblong (177).jpg,1.5094812342084476,1.3781750603752019,1.4178439411581465,1.258935277441571
women,Rectangle,oblong (178).jpg,1.530822138161272,1.4552391320681153,1.863250586793897,0.8068299252039425
women,Rectangle,oblong (18).jpg,1.535824601399843,1.5071213367670784,2.135767301038552,0.7711222492332152
women,Rectangle,oblong (180).jpg,1.5481974681278652,1.4371224493592245,1.8575060895620943,1.086433676761381
women,Rectangle,oblong (182).jpg,1.473674257661567,1.466562064675149,2.284403348692482,0.8463661973827891
women,Rectangle,oblong (183).jpg,1.5157616760850625,1.4737311970607576,1.8219009533258597,0.7778665441498536
women,Rectangle,oblong (184).jpg,1.6662286949751266,1.5919525363945695,1.2535515664776204,0.48080406121539804
women,Rectangle,oblong (185).jpg,1.5603784451929155,1.5716095485944719,2.261968649503864,0.7483005794635158
women,Rectangle,oblong (186).jpg,1.5533692457919634,1.5108541230216408,2.070968049450253,0.8296656787174734
women,Rectangle,oblong (187).jpg,1.9887734167899909,1.9004764674277268,2.44668878980245,0.4987293499153675
women,Rectangle,oblong (188).jpg,1.3698599647155563,1.3285862602325675,1.4256859842655432,0.8350937669846442
women,Rectangle,oblong (189).jpg,1.4774426121832904,1.38892260768229,2.003342823140539,0.8209058858246507
women,Rectangle,oblong (19).jpg,1.5440207252495026,1.4757650060023706,2.0618666585516774,0.7332606854841683
women,Rectangle,oblong (194).jpg,1.555400094746672,1.4517472724041083,1.9685725602141138,0.8962200286735985
women,Rectangle,oblong (196).jpg,1.5560289535072709,1.4836122878358804,1.9202971644347968,0.8458387186868658
women,Rectangle,oblong (198).jpg,1.4332504653938627,1.3975841224449943,1.73821152635254,0.6319441812975747
women,Rectangle,oblong (199).jpg,1.4764487529299175,1.4158140309145357,1.7989931917304267,0.8167429960777235
women,Rectangle,oblong (2).jpg,1.3925019580642055,1.3241278772800258,1.6869327100935227,0.4671686358077807
women,Rectangle,oblong (200).jpg,1.5587580043266238,1.5173824385838632,2.1106265306685477,0.832314656431219
women,Rectangle,oblong (201).jpg,1.6273949872064943,1.5335930020189859,1.9451139733631944,0.8110075959885679
women,Rectangle,oblong (202).jpg,1.5659139425957889,1.4727967328144913,1.7688722394501064,0.9502925066848248
women,Rectangle,oblong (203).jpg,1.5205085691060187,1.474617456934273,2.0654069914349704,0.7455923883170059
women,Rectangle,oblong (204).jpg,1.4287330532452207,1.3370266698801407,2.405331776252839,0.7474225141369313
women,Rectangle,oblong (207).jpg,1.5861122803644179,1.436728950127848,1.9438832446380254,0.825556799348502
women,Rectangle,oblong (208).jpg,1.642638546641265,1.5889208276445965,1.8663471438637391,0.80860754006264
women,Rectangle,oblong (210).jpg,1.550530839837371,1.4116212535914237,1.8760283962778648,0.8677683379058069
women,Rectangle,oblong (211).jpg,1.6360131412352132,1.4856135447281482,1.9039280058473422,0.9035127835527371
women,Rectangle,oblong (213).jpg,1.5885560057975432,1.4892287814807523,1.9927578205732557,0.7497345602465085
women,Rectangle,oblong (214).jpg,1.532796637915244,1.495666101141516,2.1938885663348593,0.6693960178964508
women,Rectangle,oblong (215).jpg,1.6050719151814168,1.4860049024380126,1.8745840359980217,1.1344910885448383
women,Rectangle,oblong (218).jpg,1.609885505724458,1.4482575606812396,1.6975365652566607,1.1472876624793031
women,Rectangle,oblong (219).jpg,1.5333686811054679,1.4993494524252193,2.0829739527427793,0.6818406209111725
women,Rectangle,oblong (220).jpg,1.6273070558021057,1.5278858500055084,2.0182826865660624,0.875529642504002
women,Rectangle,oblong (221).jpg,1.4501062360369168,1.3939727050811976,1.4621790500622796,0.5376332846093496
women,Rectangle,oblong (222).jpg,1.7119646435106137,1.5412033431984788,1.3066867559137796,1.022238328722273
women,Rectangle,oblong (223).jpg,1.479818740298834,1.4295181148642344,2.13666539308659,0.6469866946822507
women,Rectangle,oblong (224).jpg,1.512850274583507,1.4132227154910038,2.1719112421044664,0.7828168039920671
women,Rectangle,oblong (225).jpg,1.5783487470384536,1.4738875739574442,1.9181541636335964,0.8770454933961137
women,Rectangle,oblong (226).jpg,1.4944284258606753,1.3582483521777953,1.4040945246749874,0.739481290625747
women,Rectangle,oblong (228).jpg,1.525569728488555,1.484163087530184,1.8794253959666836,0.8214863495960817
women,Rectangle,oblong (229).jpg,1.4549643404606583,1.3149558208952639,1.926877422637002,0.7595013875814859
women,Rectangle,oblong (23).jpg,1.581900379088375,1.5557986023652988,2.164119596274352,0.7276068751089989
women,Rectangle,oblong (230).jpg,1.5128280300974888,1.4182211926745951,2.0016209647399497,0.8643987858639498
women,Rectangle,oblong (231).jpg,1.555696345461978,1.582020357727101,1.8764959767329215,0.6792899967455904
women,Rectangle,oblong (232).jpg,1.569949006940373,1.4624391692304408,2.0388141175154604,0.7397809964248564
women,Rectangle,oblong (233).jpg,1.4961967448046591,1.472592967928782,1.8056714196832386,0.685433030315431
women,Rectangle,oblong (234).jpg,1.6311579576513047,1.485903654789602,2.0458939841478085,0.8257286737909192
women,Rectangle,oblong (235).jpg,1.6667190917310075,1.6075716255621562,1.9211843704307257,0.7218514337180253
women,Rectangle,oblong (236).jpg,1.5009315531217768,1.380200013286957,2.0599055470141847,0.8889745564266028
women,Rectangle,oblong (237).jpg,1.5582212867668126,1.5569725071440081,2.1180930156808278,0.5544063939536128
women,Rectangle,oblong (238).jpg,1.533482640465395,1.467314912324556,1.9836879922360564,0.8646084398496025
women,Rectangle,oblong (24).jpg,1.495342677701973,1.3953454591162158,1.841247775332192,0.812914678139051
women,Rectangle,oblong (241).jpg,1.5365301340550217,1.4582489183612575,1.9993623828501126,0.8146794265437968
women,Rectangle,oblong (243).jpg,1.524709647885753,1.464045261512034,1.9041632061364655,0.6894583501092735
women,Rectangle,oblong (244).jpg,1.5546956781587171,1.4471979900732,1.9642879031069083,0.8666666666666668
women,Rectangle,oblong (245).jpg,1.5635928616065393,1.4947793778877672,1.9348100295165465,0.8803712734311167
women,Rectangle,oblong (246).jpg,1.6445204871668888,1.5084648766459912,1.8999358140634584,0.716199117892914
women,Rectangle,oblong (248).jpg,1.6347132151121333,1.5317887011752858,2.043704484905879,0.809471718478869
women,Rectangle,oblong (249).jpg,1.581724010835575,1.5465164543184198,1.7669134444789143,0.6581669253749072
women,Rectangle,oblong (25).jpg,1.5351836697610135,1.4788901096404925,2.028146834858434,0.7116573902047238
women,Rectangle,oblong (250).jpg,1.5837383711357251,1.5045800140269066,1.9607560156203474,0.7470250579128653
women,Rectangle,oblong (251).jpg,1.5,1.3394047566142269,1.8750850320854842,0.9179761773595015
women,Rectangle,oblong (252).jpg,1.5225078829815804,1.5143265088932307,2.2273584285630426,0.7467699071736297
women,Rectangle,oblong (253).jpg,1.5080694599276805,1.5350570148618161,2.108994294584587,0.6995904170243877
women,Rectangle,oblong (255).jpg,1.58051545426573,1.4956097447005463,1.9657141992181704,0.794243570556893
women,Rectangle,oblong (258).jpg,1.5929945143555206,1.5071515145741423,1.999676694719929,0.776186373389985
women,Rectangle,oblong (260).jpg,1.5641551063053805,1.4630270470665059,1.91301363288952,0.7965940569093319
women,Rectangle,oblong (261).jpg,1.9948732872916066,1.946883764925369,2.5225319088352003,0.5875222663614829
women,Rectangle,oblong (262).jpg,1.534402822870245,1.4384105992279776,2.030292767392833,0.6229690457592273
women,Rectangle,oblong (263).jpg,1.6001575824021734,1.5611605553664611,1.6816180322432348,0.5727047641329186
women,Rectangle,oblong (264).jpg,1.5289540535240458,1.3938086568473649,1.5106153236259228,1.0569181219065884
women,Rectangle,oblong (265).jpg,1.538452734346019,1.5225741068715442,2.009420542893474,0.7701363545028472
women,Round,round (10).jpg,1.612619651059952,1.511619200458787,1.5358376988344709,0.9499736252346301
women,Round,round (100).jpg,1.5817154505655817,1.4710360344947733,1.7778850941351028,0.8894111052044289
women,Round,round (101).jpg,1.5951873507958798,1.4792586167160848,1.6508703150483983,1.0436293321559158
women,Round,round (102).jpg,1.4770479754621062,1.359893607784486,1.5807348378957256,0.787066122589933
women,Round,round (104).jpg,1.595414804014767,1.4493576043497838,1.7470897646648027,0.7982911419726946
women,Round,round (105).jpg,1.5947128926545566,1.5746368955287204,1.8048783571864546,0.777843079293063
women,Round,round (106).jpg,1.398357379454666,1.4235865656443003,1.7631066430145492,0.5979821637699583
women,Round,round (107).jpg,1.551974849375377,1.422837935601594,1.8935231486025232,0.9107441425614954
women,Round,round (108).jpg,1.5456772852519738,1.446518512952131,1.8266778962784154,0.8490675745847018
women,Round,round (109).jpg,1.5512007340797604,1.4317086782151955,1.91889809282943,0.7055445439150357
women,Round,round (110).jpg,1.5498126937783627,1.4911125063917376,1.7352614896954182,0.6569521390497501
women,Round,round (111).jpg,1.5068561329853474,1.3240176309758493,1.3133550578374797,0.8452133199392204
women,Round,round (112).jpg,1.6142816912269229,1.5022012231910706,1.788359943060151,0.6746435310588057
women,Round,round (113).jpg,1.5387553945596613,1.4662007384534588,1.7213954615473932,0.7857626550517163
women,Round,round (114).jpg,1.56732978956339,1.461014598792943,1.892937867778027,0.7599107499798545
women,Round,round (116).jpg,1.623027666003809,1.4924837903250685,1.7602746759066434,0.8120571618392195
women,Round,round (117).jpg,1.5227132943751123,1.4488848119308375,1.7448821581076128,0.706107516778349
women,Round,round (118).jpg,1.4627511488082936,1.4006471654876747,2.1518977686775815,0.8508947504331441
women,Round,round (119).jpg,1.5393555094959008,1.4566822154893897,1.7755280904564703,0.7965608183130577
women,Round,round (121).jpg,1.5438424800086128,1.4787403698922925,1.820750148746844,0.9220001205786235
women,Round,round (123).jpg,1.5686674664763998,1.5462286363487816,1.8377933308901082,0.6886396034639958
women,Round,round (125).jpg,1.5943456790576807,1.5266701180951094,1.9322120222607746,0.7368467325170186
women,Round,round (127).jpg,1.519494065923323,1.446457533056493,1.8053275319270201,0.9109083391553919
women,Round,round (128).jpg,1.5616864694364743,1.4523716194237082,1.2363860839212881,0.9186669933038779
women,Round,round (129).jpg,1.5705143499809315,1.495533091042643,1.9260084178787955,0.7032883565591396
women,Round,round (130).jpg,1.5789879461178067,1.4782861946692303,1.909057038829933,0.7306156000395314
women,Round,round (131).jpg,1.5240008355650059,1.4724866735688638,1.8249786472812741,0.7500758522544507
women,Round,round (132).jpg,1.5184432678525999,1.4803841989790156,1.7224150722869283,0.8906839538795916
women,Round,round (133).jpg,1.5744170582923669,1.4815782553465422,1.8617216580304883,0.7340962015499438
women,Round,round (134).jpg,1.5179057957431328,1.402218955610056,1.7474484660390206,0.6110343117024537
women,Round,round (136).jpg,1.6040013539461337,1.5573683896846318,1.708678987917757,0.9607873978413956
women,Round,round (137).jpg,1.4703906690231276,1.4052813740181709,2.1443824320747056,0.58061007172089
women,Round,round (138).jpg,1.5556349186104044,1.4610341165267744,1.7524367271769388,0.7945808081352037
women,Round,round (139).jpg,1.5000256486983303,1.3771929824561404,1.7812418159515648,0.9439886848097228
women,Round,round (140).jpg,1.5097512181578607,1.415582805616179,1.9159712351847304,0.7310936698157743
women,Round,round (141).jpg,1.666685563007013,1.5397029944640304,1.564478779771639,0.7142159423171821
women,Round,round (142).jpg,1.601461709912142,1.5236778622123217,1.9407562854796911,0.7624748681289777
women,Round,round (143).jpg,1.5547836195961906,1.4807902077453898,1.8866989763931437,0.8933957182972838
women,Round,round (145).jpg,1.5852202484129103,1.5601989388762285,2.0051948558494375,0.7072061520896524
women,Round,round (146).jpg,1.581630882102707,1.5077980199053822,2.1671483087014405,0.7310157003476243
women,Round,round (147).jpg,1.5629745065417913,1.4289178149312958,1.6195911579078222,0.8578987434947096
women,Round,round (148).jpg,1.502046195132555,1.3799723232591332,1.7734903266781687,0.8630423776775983
women,Round,round (150).jpg,1.4990785431337514,1.4089170928960155,1.5786399919677796,0.6912777181133966
women,Round,round (151).jpg,1.6187399111473981,1.5333717060013075,1.7507834909164341,0.6422122298923855
women,Round,round (155).jpg,1.491130665526301,1.4622560117197747,1.842340567051945,0.8194831026009071
women,Round,round (156).jpg,1.5199181059355815,1.3882090428922595,1.4211441359066412,1.2649984167876012
women,Round,round (16).jpg,1.57027801862556,1.4021197651024326,1.7343851689468435,0.7913701174929031
women,Round,round (163).jpg,1.4815786590952014,1.367563590885856,1.1732273826488662,1.0394940813710676
women,Round,round (164).jpg,1.6117829317780514,1.5560448270076053,2.14960776669195,0.6414701439798952
women,Round,round (165).jpg,1.5163759339802128,1.3701026268326368,1.7945854431460424,0.959694291536766
women,Round,round (166).jpg,1.6167057730338834,1.5317159809030676,1.833632499929138,0.728118834148577
women,Round,round (167).jpg,1.5308077126064719,1.4675174384543157,1.8139135850793642,0.7543864842065559
women,Round,round (168).jpg,1.561391773606241,1.5221798714309291,1.9259094207562395,0.6300945212678171
women,Round,round (169).jpg,1.562491144171356,1.4891786368011415,1.7224596684490936,0.7080253008825143
women,Round,round (170).jpg,1.6289608692395017,1.5119345045159678,2.035960494492743,0.6844524895689118
women,Round,round (171).jpg,1.5418101568235676,1.4423595889448342,1.7420132966056274,0.9252532855464526
women,Round,round (172).jpg,1.5629905373338706,1.534671119062976,1.6951578550635389,0.7320590063339615
women,Round,round (173).jpg,1.4967031484797293,1.4966258518098015,1.858893104086455,0.6378627804140086
women,Round,round (174).jpg,1.584836034980125,1.4886247283774392,1.7705463381179258,0.819208222405944
women,Round,round (175).jpg,1.5685951902886568,1.4895425153778687,1.840391210705101,0.7570602026653747
women,Round,round (176).jpg,1.560339323367547,1.4854682459371462,2.2304433000777135,0.9271046716302118
women,Round,round (177).jpg,1.479799424803547,1.3833119880133584,1.9646221529309595,0.7702310466765129
women,Round,round (178).jpg,1.4895357238386526,1.3210268657723914,1.3199500146737049,1.1179029102584719
women,Round,round (179).jpg,1.6085355590357975,1.5275702058229776,1.9517046051138023,0.6526453446903194
women,Round,round (180).jpg,1.6329410253625551,1.4229234222911002,1.5195972029722271,0.5746452923220567
women,Round,round (181).jpg,1.5315140835097774,1.4608422837026505,1.756476972064427,0.8554278781874085
women,Round,round (182).jpg,1.595734317923109,1.5225607815364517,1.874489673067269,0.7767318088240732
women,Round,round (183).jpg,1.5622644417344123,1.5177021395040668,2.3262677595744887,0.7679759293581878
women,Round,round (184).jpg,1.6252233553384445,1.5772033997570396,1.5242829637260285,0.8521310725404497
women,Round,round (185).jpg,1.4997747578634346,1.4880151844619023,1.476390778124047,0.7048063607217736
women,Round,round (186).jpg,1.526356450182686,1.4118818950481817,1.279211615243975,1.1307619858217852
women,Round,round (187).jpg,1.3762818114574997,1.3133581945883686,2.0909638839298292,0.8567112645388864
women,Round,round (188).jpg,1.486186834746152,1.4142570786450064,2.260158038236847,0.7763667022473968
women,Round,round (190).jpg,1.5441646809655767,1.4638707490504235,1.895222421586137,0.6967889251382584
women,Round,round (191).jpg,1.596206025472395,1.4812004971942478,1.6336694386301236,0.9575728415209396
women,Round,round (193).jpg,1.6157993351764468,1.5168483720291084,1.7718156428923164,0.7070661650412378
women,Round,round (195).jpg,1.5142633953752063,1.4624011460911734,1.8036086429278884,0.7668430838972485
women,Round,round (196).jpg,1.4949292778997034,1.4213004165763015,1.9326688425391445,0.8565029393223781
women,Round,round (197).jpg,1.499277700155548,1.4386651332692315,2.04159518968482,0.8665524076692648
women,Round,round (198).jpg,1.515294574351411,1.417225956495543,1.8204395073717776,0.727172719390344
women,Round,round (199).jpg,1.6037106867527506,1.5463868340954992,1.7068099506004994,0.755779648074536
women,Round,round (200).jpg,1.5975406435023545,1.480692400427306,1.8106843060816817,0.7516834279873535
women,Round,round (201).jpg,1.5708327257596406,1.490706240611027,1.859235496589966,0.8380135144863938
women,Round,round (203).jpg,1.5142268922569346,1.4602893648254747,1.781618063919854,0.8098326391601715
women,Round,round (204).jpg,1.5238997670905623,1.3945641243026747,1.7491925526651841,0.8123856199074663
women,Round,round (205).jpg,1.5616663467622898,1.4930057701881525,1.687012101070956,0.7254380771036582
women,Round,round (206).jpg,1.5184287048507847,1.4621563828189186,1.9289556883054444,0.6660308819289577
women,Round,round (207).jpg,1.5268313177402308,1.5166513158510866,1.731216285329362,0.7208764952114298
women,Round,round (208).jpg,1.54252379782554,1.491407516874582,1.86483218574432,0.9445670152625079
women,Round,round (209).jpg,1.4984050766955963,1.4567560342839805,1.7688137707914056,0.6730333073986722
women,Round,round (21).jpg,1.5909933898232418,1.495893770235543,1.770453272200478,0.7056582850641467
women,Round,round (210).jpg,1.573687908605915,1.4745971743634083,1.595322496787443,0.5777290547296307
women,Round,round (211).jpg,1.517211306001515,1.440103141731011,1.2747548783981961,0.9693021198244754
women,Round,round (212).jpg,1.5513719512417719,1.3604598933149636,1.708569876840732,0.7382741692434867
women,Round,round (214).jpg,1.514088908157076,1.4374742844125468,1.6411716499925861,0.9983889461551935
women,Round,round (215).jpg,1.4679577291686303,1.4503551398234238,1.7741947131351512,0.7474906281250547
women,Round,round (217).jpg,1.5364178260610022,1.4424957492439443,1.7111218733466589,0.9629342641234496
women,Round,round (218).jpg,1.5813353387757993,1.4635442022676848,1.5892267674735634,0.9115261927119811
women,Round,round (219).jpg,1.5738018633175819,1.4644994829090694,1.733604102697018,0.7385029633123136
women,Round,round (220).jpg,1.5351331241617443,1.470879280844665,1.8248180486158476,0.7876480569560083
women,Round,round (221).jpg,1.5688855278604807,1.4547642576092839,1.801992643903215,0.8823703074871754
women,Round,round (222).jpg,1.580630078561047,1.5401402755798732,1.8207435276726465,0.7691873576264853
women,Round,round (223).jpg,1.52234634055115,1.463604318632873,1.8619368835814987,0.7456778704724117
women,Round,round (224).jpg,1.4953422057077608,1.441283966996516,1.7721915088058502,0.7390316455226303
women,Round,round (225).jpg,1.4322860706132003,1.315002193622037,1.5603669537165443,1.04836121170557
women,Round,round (226).jpg,1.4959693594202805,1.4552941562038517,1.7074463309202352,0.7685159672754043
women,Round,round (227).jpg,1.5342105884641761,1.432275938540661,1.9046684436377688,0.7131484333069195
women,Round,round (228).jpg,1.6038136611305882,1.4769387509913006,2.2580494783119773,0.7299103503994088
women,Round,round (229).jpg,1.6203245321834066,1.56148088152004,1.9793460267577314,0.7427254351146696
women,Round,round (230).jpg,1.5361295119718978,1.5001062887512406,1.8572287068069337,0.7555924042138314
women,Round,round (231).jpg,1.6042098427439706,1.4688795203308862,1.691783613443535,0.8962621134737437
women,Round,round (232).jpg,1.5442303437765657,1.5176804588953325,1.8096986907306656,0.871852108207675
women,Round,round (233).jpg,1.5002965522631797,1.3929128582832873,1.7574626160221545,0.8789136701623649
women,Round,round (234).jpg,1.5540470889847944,1.4740472216729525,1.8720544061935496,0.8031005006854269
women,Round,round (235).jpg,1.5548459975508448,1.4572025795706147,1.4995664256453303,1.0622317371388452
women,Round,round (236).jpg,1.4592101080788573,1.390965439562056,1.672874335328293,0.7766133385560916
women,Round,round (237).jpg,1.6156165804173725,1.5204264976913466,1.607116272757314,0.7264426472557194
women,Round,round (238).jpg,1.565539408638179,1.4692838182522674,1.7357824373456439,0.7513848357343214
women,Round,round (239).jpg,1.5090313073521984,1.4292155996123628,1.6822981516171662,0.8048350056716351
women,Round,round (240).jpg,1.5553233602350425,1.4014770533385421,1.7751783444787825,0.8007163914774968
women,Round,round (241).jpg,1.5194306591276208,1.4156695135778758,1.7406130832495197,0.8329549871699985
women,Round,round (243).jpg,1.486986810411327,1.4442334534347818,1.8203271370427034,0.7953148752297057
women,Round,round (244).jpg,1.577197004585482,1.4787243026327068,1.7371090984504611,0.9382804088215427
women,Round,round (245).jpg,1.5140603606972405,1.4373250221838714,1.861731003419613,0.5480012912824831
women,Round,round (247).jpg,1.5115091953142041,1.4401884742657673,1.8485997339048545,0.8236705312424203
women,Round,round (248).jpg,1.4684667652630394,1.436962047835082,1.7491950471668065,0.7470360188151782
women,Round,round (25).jpg,1.5127773905714386,1.4493809075677517,1.6392527246502273,0.7651242156240763
women,Round,round (250).jpg,1.5121207561041625,1.5251611873097344,1.8296765072547274,0.7322414896214002
women,Round,round (251).jpg,1.5562619550115686,1.500923968078494,1.8075070678063274,0.7740934566520774
women,Round,round (253).jpg,1.5653203087727394,1.5019927988369939,1.7272337892368974,0.8431299998495215
women,Round,round (254).jpg,1.3766456229883444,1.3570320658016817,1.8806393213891877,0.7898341673826381
women,Round,round (255).jpg,1.5239238421664774,1.4206220722562601,1.4858756474140977,0.984632999189367
women,Round,round (256).jpg,1.5321361555933268,1.463345550990087,1.935281717724288,0.7200703298725512
women,Round,round (257).jpg,1.494224500761877,1.3492148703651505,1.6023003356528984,0.7023567344820378
women,Round,round (258).jpg,1.4205167491959267,1.438899375249939,1.543791385291696,0.789010958869793
women,Round,round (259).jpg,1.4734980998497351,1.4206916619571306,1.7555047171315166,0.6633881839197996
women,Square,square (10).jpg,1.4861730344206245,1.3889195124847014,1.5375926109472684,1.111351093766592
women,Square,square (100).jpg,1.5549302939932974,1.5227117953841092,1.8141232602477624,0.6369650305896307
women,Square,square (1000).jpg,1.5449396824844313,1.4056924326065303,1.5648353401693404,0.9328996515486546
women,Square,square (101).jpg,1.5570134806769576,1.443093492158786,1.8735887708433812,0.7167608957080581
women,Square,square (102).jpg,1.4983665090045846,1.4552419019486003,1.743216548915197,0.757116297243518
women,Square,square (103).jpg,1.518263451129528,1.4119532943008428,1.6790176467905398,0.8323655266421097
women,Square,square (104).jpg,1.41915998154024,1.3863185259101167,1.8164544799574778,0.6473537959413503
women,Square,square (105).jpg,1.5686461957923985,1.4645717511276746,1.725547679115071,0.812993790941597
women,Square,square (106).jpg,1.499758916619618,1.4789967618106485,1.859852781560225,0.8269569928480589
women,Square,square (107).jpg,1.443294538124749,1.3779987364658643,1.756006739820759,0.9059697579495656
women,Square,square (108).jpg,1.4943276615329248,1.431057010345616,1.569613107003626,0.8784769783634331
women,Square,square (109).jpg,1.5264620337536983,1.452860499403972,1.7998720836156084,0.7358025587108307
women,Square,square (11).jpg,1.5275793488383291,1.4567780353933433,1.779527559055118,0.8351054790763266
women,Square,square (110).jpg,1.5335338838487929,1.45316938300273,1.7579599724712136,0.7832864101677872
women,Square,square (111).jpg,1.5189537417844685,1.4532075308038417,1.7076968499621021,0.7270701617441035
women,Square,square (112).jpg,1.5974637498543638,1.4861760110439373,1.805769218127223,0.8067134044094795
women,Square,square (113).jpg,1.5123511884892384,1.4059223952012656,1.7155983767941725,0.6030910989500401
women,Square,square (114).jpg,1.504814767174394,1.4659824754357185,1.8059750030365418,0.8803313622534502
women,Square,square (115).jpg,1.5007084048692378,1.3969843081243098,1.5193322872168733,0.8045380152884103
women,Square,square (116).jpg,1.5099312398571338,1.4413098511040776,1.5299144473044046,0.6731326736584884
women,Square,square (117).jpg,1.56047633959384,1.4897741740539794,1.6932105419593801,0.860150967559802
women,Square,square (118).jpg,1.5888513694467148,1.4855787019915752,1.169773894181043,1.1256579987082012
women,Square,square (119).jpg,1.5291346607752094,1.4119726119803657,2.145325835271793,0.7565911775267239
women,Square,square (120).jpg,1.5139086620499425,1.49941345808028,2.0591236712781615,0.6272238373342836
women,Square,square (121).jpg,1.6059435679016236,1.5712695928095843,2.14026980665773,0.7043855904967198
women,Square,square (123).jpg,1.55677329322252,1.4700173273796469,1.8537391468956077,0.9213457355436059
women,Square,square (124).jpg,1.6041288597440346,1.5020846686831921,1.820753900489298,0.7297258292700852
women,Square,square (125).jpg,1.5153757698469732,1.4540300932746142,1.7906377214844658,0.7461373635045517
women,Square,square (126).jpg,1.5539535978375818,1.4144959367869254,1.6124515496597098,0.8615694965591941
women,Square,square (128).jpg,1.5475982557042411,1.4634393285309308,1.7162162338935256,0.8035157645576205
women,Square,square (129).jpg,1.5446813860005064,1.4752807491773372,1.7428273893553958,0.6762195505151448
women,Square,square (130).jpg,1.4598518550979562,1.3760069428006259,1.7011884653791476,0.7642363959336524
women,Square,square (132).jpg,1.5567272439232844,1.56896073284158,1.853407519109476,0.6873977609384173
women,Square,square (133).jpg,1.542103816210495,1.4577753096450565,1.7892802876437115,0.7948117935500213
women,Square,square (134).jpg,1.4589966427097751,1.3444276378267574,1.5716245040282015,0.8656348011645432
women,Square,square (135).jpg,1.4689769404893824,1.4010783146803554,1.6119343417744925,0.7838075031011464
women,Square,square (136).jpg,1.5280492801945997,1.499990901850988,1.8738637552601645,0.880222556689972
women,Square,square (137).jpg,1.4335345788915534,1.4204051793575507,1.9777527694004697,0.9088862987228975
women,Square,square (138).jpg,1.5984913658531419,1.4874505190375753,1.6310326170900615,0.9012888250906326
women,Square,square (139).jpg,1.5003526040390882,1.4473865721851868,1.8578712096592747,0.7803621720912781
women,Square,square (14).jpg,1.6342068321544319,1.5609071807015942,1.8433039675345528,0.7442468311823082
women,Square,square (140).jpg,1.547516277728365,1.4835004147835564,1.5312941841635261,0.7796233064756337
women,Square,square (141).jpg,1.6314151230028697,1.539869863719063,1.9415053568500324,0.8067224621940823
women,Square,square (142).jpg,1.5462703707370555,1.441405646002126,1.849028432582085,0.8158175815745862
women,Square,square (143).jpg,1.5456152176658817,1.5339947100382674,1.9100996718092436,0.692010693444895
women,Square,square (144).jpg,1.578305966457995,1.5189411839969278,1.8900729326160233,0.7081929673585733
women,Square,square (145).jpg,1.5715312216438684,1.4370482796959416,1.001352495147689,1.0284754410543724
women,Square,square (157).jpg,1.4513118929789877,1.4145737014374133,2.777223537652564,0.674011744386366
women,Square,square (163).jpg,1.6047446157139693,1.613377487472396,2.3103258203747044,0.6277019619544579
women,Square,square (165).jpg,1.5035446328175415,1.503442535914049,1.7438483229278745,0.6718023953647753
women,Square,square (166).jpg,1.5153767788926027,1.436366523185268,1.611082938676379,0.6708983103739147
women,Square,square (167).jpg,1.5729256765063797,1.4523494394503937,1.685858909334633,0.8250028752473729
women,Square,square (168).jpg,1.5337614746256683,1.5002201849907146,1.8602466023341446,0.7450278947653137
women,Square,square (169).jpg,1.4639127410599395,1.427538449524087,1.8513771286160514,0.6959659074104476
women,Square,square (170).jpg,1.6087978782737455,1.4657049810223697,1.691666505782007,0.8038292999030621
women,Square,square (171).jpg,1.4936682958469265,1.471358846413929,1.8448440156289716,0.7694329256192686
women,Square,square (172).jpg,1.5093674632113778,1.4787507623410114,2.0009048396577787,0.870266536077341
women,Square,square (173).jpg,1.5028459137365906,1.491505139379538,1.3332180975167545,0.5337784194129734
women,Square,square (174).jpg,1.4542346710134366,1.3866080831446759,1.7874461417820464,0.8285502923539699
women,Square,square (175).jpg,1.5184099700510074,1.490039070079272,2.3739338057070314,0.7745243338773453
women,Square,square (176).jpg,1.5901883988208851,1.4901683158470287,1.9379720170559336,0.8355101736650314
women,Square,square (178).jpg,1.5167160156780526,1.4996912382895142,1.7676037204392523,0.7438694965313485
women,Square,square (179).jpg,1.5340884407496973,1.4919157069529665,1.774581874495092,0.7750187319140976
women,Square,square (18).jpg,1.555627841629024,1.4866253885466774,1.636254393536339,0.8083509662986744
women,Square,square (180).jpg,1.5506267514761038,1.4609708239894275,1.7199102857599473,0.7672844023361314
women,Square,square (181).jpg,1.5241405183605472,1.4341566906613181,1.7990720083943414,0.584184869758635
women,Square,square (182).jpg,1.4997365622327012,1.393966091199723,1.7373711568301593,0.6610206141645922
women,Square,square (183).jpg,1.5378946890504128,1.458607402995637,1.8430488592795822,0.7115899655219966
women,Square,square (184).jpg,1.6290538320550938,1.5307780427846638,1.9224719060783293,0.8674471229077939
women,Square,square (185).jpg,1.5538986462329616,1.3965087302662165,1.534584818327365,1.1968586333545388
women,Square,square (186).jpg,1.6106698257199477,1.5015556022808951,1.8825201204343371,0.904150717890998
women,Square,square (187).jpg,1.6112427639684335,1.5386839345683445,1.9496062161489758,0.6922018286259527
women,Square,square (188).jpg,1.5684485154382093,1.450999549463816,1.7944422696719005,0.6542949563409304
women,Square,square (189).jpg,1.5205326373408847,1.452091348910374,1.8625162577614327,0.6560792272565671
women,Square,square (19).jpg,1.549575242430216,1.5610310320335499,1.697466883286787,0.5351842675174748
women,Square,square (190).jpg,1.4954725453428557,1.4471851393606165,2.054767375037194,0.7481683316652622
women,Square,square (191).jpg,1.5685591903262186,1.5073223694315032,1.4222724368019077,1.0051769112138271
women,Square,square (192).jpg,1.5108236943118536,1.4682923254383564,1.836268594988537,0.7592122281227052
women,Square,square (193).jpg,1.5236665430110607,1.380244673137127,1.6780854029276204,0.9671494583072036
women,Square,square (195).jpg,1.49490543782583,1.4134114612393966,1.81758307854763,0.8116785213085386
women,Square,square (196).jpg,1.6262723067027036,1.565068114251642,2.3495093853089895,0.796546941189925
women,Square,square (197).jpg,1.5493482691390579,1.4336958365868198,1.8559905404562074,0.8269764085834823
women,Square,square (198).jpg,1.5789236840328922,1.4824615703930768,1.7546641142526835,0.8036016570843405
women,Square,square (199).jpg,1.5738194799622118,1.5078944918597101,1.8562828804373153,0.6819618559012802
women,Square,square (20).jpg,1.4961076491058714,1.4653947443459585,2.10388340072005,0.6906131846870562
women,Square,square (200).jpg,1.6030911296388335,1.5966721097046386,1.7751090299457322,0.7685721264656207
women,Square,square (202).jpg,1.6003273778853033,1.535932542162036,2.440520011641678,0.7924437742402918
women,Square,square (203).jpg,1.628981321704008,1.5996846719381443,1.8595956584749045,0.6984179340620263
women,Square,square (204).jpg,1.4546546793269148,1.3230567514371963,1.3300732021162227,0.8589640751771882
women,Square,square (205).jpg,1.3663768069053177,1.3173566683238969,1.6421884987873043,0.6712383380853486
women,Square,square (206).jpg,1.592931332085689,1.599564896513778,1.772462122748677,0.7525516386425555
women,Square,square (207).jpg,1.447204256290751,1.3620211577347754,1.924159918248072,0.7022927432329608
women,Square,square (208).jpg,1.5476605327414275,1.4472416070435283,1.869360390389701,0.7805789486636228
women,Square,square (209).jpg,1.5383679345248107,1.4472574471903483,1.7554350105436378,0.7818228340009526
women,Square,square (21).jpg,1.6249706630723342,1.5232715970275819,1.7506405954701774,0.8074665665296427
women,Square,square (210).jpg,1.5046095341963026,1.380997417476841,1.8706900239792204,0.8398184448347245
women,Square,square (211).jpg,1.5045959148684764,1.4432594353406527,1.801761966462818,0.6096298733076665
women,Square,square (212).jpg,1.518204411264443,1.3932238201936813,1.8132570720581185,0.8985158515624591
women,Square,square (213).jpg,1.4257655395778916,1.3946531514696525,1.8259272468773022,0.7315076736892734
women,Square,square (214).jpg,1.5514457870683707,1.4650436951983563,1.8313497002673582,0.7659863202009829
women,Square,square (215).jpg,1.4987202239079096,1.4329155273638283,1.9271292552394037,0.6856887220480571
women,Square,square (216).jpg,1.5347909746730153,1.5063678110768086,1.9637620868867498,0.6209839158490267
women,Square,square (217).jpg,1.5042678272072183,1.4277391243382618,1.6943103756281446,0.9180197062130395
women,Square,square (218).jpg,1.5328997551662165,1.4674116475043533,1.8225000823644262,0.7633965491662534
women,Square,square (219).jpg,1.5034559767037279,1.4742023087986962,1.8137260324526756,0.7435244874126162
women,Square,square (22).jpg,1.5899315517483226,1.4709206080854484,1.6334525330160394,0.8809794164488848
women,Square,square (220).jpg,1.5118270122711392,1.3922182317935186,1.386442289539028,1.153057303537341
women,Square,square (221).jpg,1.494344134850726,1.3660560333860126,1.8591767763954732,0.8700806015569181
women,Square,square (222).jpg,1.568221999202593,1.471011368538705,1.4437925323828928,0.9441823654593482
women,Square,square (226).jpg,1.5547614853894831,1.4762095173955307,1.9755018371371926,0.7150116209487603
women,Square,square (228).jpg,1.599142726333578,1.536790027269562,1.9682695938870531,0.6452754831398348
women,Square,square (23).jpg,1.5656337143356205,1.4860375168715987,1.8913448572055458,0.810069320478624
women,Square,square (233).jpg,1.5929563046634247,1.5574862786626391,1.840720978218981,0.7293612916224254
women,Square,square (242).jpg,1.4934542850537607,1.418834539186102,1.812493983396866,0.7644682457146023
women,Square,square (243).jpg,1.5237701817669256,1.4952006175198023,1.8574493002873689,0.71293846157996
women,Square,square (244).jpg,1.523597162837586,1.4172294541967072,1.7339440007545828,0.780457965309688
women,Square,square (245).jpg,1.5564574351393334,1.496998284971525,1.8002637100332834,0.7350646791963016
women,Square,square (246).jpg,1.5338224349955203,1.3923735667141266,1.7573559551957965,0.8514142823999549
women,Square,square (247).jpg,1.495037391882534,1.417918075341799,1.7709279968324598,0.7744848383495064
women,Square,square (248).jpg,1.5461357554462671,1.409946551397052,1.7414313473079068,0.8330628292963992
women,Square,square (249).jpg,1.5230908473686533,1.4731154561624562,1.8542993497185962,0.6350972791891693
women,Square,square (25).jpg,1.4688526366942252,1.4413014015827996,2.3891809045938173,0.6120127264885696
women,Square,square (250).jpg,1.5178971925241866,1.4136092930098485,1.3104052660787857,0.9970146216595128
women,Square,square (252).jpg,1.5522922636726937,1.4217989097941417,1.75346107430039,0.7663681423179171
women,Square,square (253).jpg,1.5053275757793168,1.4481216737883773,1.7837391358877328,0.7440756889890857
women,Square,square (254).jpg,1.5735966527932492,1.4415590143051455,1.7613963772660837,0.8793331775048083
women,Square,square (255).jpg,1.5849460564727875,1.4378220462406015,1.751477257901244,0.7515820464949878
women,Square,square (256).jpg,1.4856985647853895,1.399379738157921,1.793145613646584,0.8034773158012345
women,Square,square (257).jpg,1.4728332352062856,1.410588325470155,1.5374682707708152,0.8679864395731148
women,Square,square (258).jpg,1.5474563455081722,1.4030736005396642,1.6707464876532323,0.8239912549046171
women,Square,square (259).jpg,1.506308309131359,1.398474085251539,1.6543972331973285,0.7982313111401096
women,Square,square (26).jpg,1.543200568753309,1.437932696888804,1.8638036093463128,0.8307560788167544
women,Square,square (260).jpg,1.5340998261804364,1.4371009418556977,1.7790635678645323,0.8816041238017877
women,Square,square (262).jpg,1.5264549586696983,1.4425717096457231,1.6810807938480135,0.7785537805814872
women,Square,square (263).jpg,1.7406196929080977,1.63937069305969,1.502491107466527,0.604890297498363
women,Square,square (264).jpg,1.752958200737142,1.6559007926033005,1.6503688897088915,0.6185125831763703
women,Square,square (265).jpg,1.5138797440552356,1.433982050174285,1.1782458500281865,0.786150613359327
women,Square,square (266).jpg,1.578835652989527,1.5230923246359767,1.8507111729038863,0.6698682042737946
women,Square,square (267).jpg,1.5824876862929906,1.541339858543119,1.7158709612624083,0.9010444984121548
women,Square,square (268).jpg,1.5549994128592421,1.5070630103934124,1.904262014523186,0.7921917747077589
women,Square,square (269).jpg,1.568601874049914,1.5113221741849783,1.9455515957485385,0.6984779432699988
women,Square,square (27).jpg,1.5162259460212637,1.4390113879261544,1.8679927524625362,0.6988034005740998
